"Id_Attribution_Materiel_Prof","Cle_Personnel","Clé_Elève","Cle_Inventaire_Materiel","Date_Heure_Pret_Materiel","Date_Heure_Retour_Materiel","Clé_Etat_Initial","Clé_Etat_Final","Dégradation","Remise"
106,,387,245,2021-09-02 11:02:39.000,,7,,0,0
159,,436,1424,2021-09-02 11:07:07.000,,7,,0,0
321,,413,289,2021-09-02 11:21:32.000,,7,,0,0
329,,335,1624,2021-09-03 10:08:43.000,,7,,0,0
332,,335,462,2021-09-03 10:12:07.000,,7,,0,0
361,,137,1636,2021-09-03 10:15:23.000,,7,,0,0
455,,303,801,2021-09-03 10:45:11.000,,7,,0,0
461,,265,1016,2021-09-03 10:45:24.000,,7,,0,0
463,,265,784,2021-09-03 10:45:27.000,,7,,0,0
515,,159,1029,2021-09-03 10:56:33.000,,7,,0,0
517,,159,822,2021-09-03 10:56:35.000,,7,,0,0
544,,95,1045,2021-09-03 10:57:47.000,,7,,0,0
576,,3,1500,2021-09-03 10:59:52.000,,7,,0,0
584,,2,912,2021-09-03 11:02:10.000,,7,,0,0
665,,64,914,2021-09-03 11:07:49.000,,7,,0,0
666,,64,1034,2021-09-03 11:08:46.000,,7,,0,0
667,,64,959,2021-09-03 11:08:47.000,,7,,0,0
668,,64,770,2021-09-03 11:08:48.000,,7,,0,0
669,,64,831,2021-09-03 11:08:49.000,,7,,0,0
690,,59,1399,2021-09-03 11:13:03.000,,7,,0,0
713,,63,1284,2021-09-03 11:14:51.000,,7,,0,0
728,,67,1086,2021-09-03 11:15:52.000,,7,,0,0
748,,339,665,2021-09-03 11:20:13.000,,7,,0,0
791,,316,467,2021-09-03 11:22:06.000,,7,,0,0
792,,316,1625,2021-09-03 11:22:06.000,,7,,0,0
827,,327,1345,2021-09-03 11:26:08.000,,7,,0,0
889,,36,1483,2021-09-03 11:30:40.000,,1,,0,0
901,,66,1490,2021-09-03 11:31:16.000,,7,,0,0
952,,358,1643,2021-09-03 11:33:34.000,,7,,0,0
955,,358,515,2021-09-03 11:33:38.000,,7,,0,0
1023,,52,1337,2021-09-03 11:41:27.000,,7,,0,0
1079,,242,1263,2021-09-03 11:44:59.000,,7,,0,0
1080,,242,1078,2021-09-03 11:44:59.000,,7,,0,0
1081,,242,1188,2021-09-03 11:45:01.000,,7,,0,0
1093,,245,1352,2021-09-03 11:46:03.000,,7,,0,0
1107,,323,1044,2021-09-06 08:11:17.000,,7,,0,0
1116,,446,217,2021-09-06 08:48:48.000,,7,,0,0
1163,81,,582,2021-10-21 08:46:13.000,,7,,0,0
1166,81,,875,2021-10-21 08:46:38.000,,7,,0,0
1168,81,,1225,2021-10-21 08:46:43.000,,7,,0,0
1288,,459,1554,2022-09-01 10:51:45.000,,1,,0,0
1345,,522,311,2022-09-01 10:55:15.000,,7,,0,0
1346,,522,223,2022-09-01 10:55:16.000,,7,,0,0
1368,,530,1539,2022-09-01 10:56:29.000,,7,,0,0
1370,,530,281,2022-09-01 10:56:36.000,,7,,0,0
1371,,530,202,2022-09-01 10:56:40.000,,7,,0,0
1452,,517,282,2022-09-01 11:03:14.000,,7,,0,0
1453,,517,224,2022-09-01 11:03:16.000,,7,,0,0
1596,,410,522,2022-09-02 10:20:00.000,,7,,0,0
1597,,376,1659,2022-09-02 10:20:05.000,,1,,0,0
1599,,376,672,2022-09-02 10:20:22.000,,7,,0,0
1600,,376,484,2022-09-02 10:20:24.000,,7,,0,0
1601,,376,578,2022-09-02 10:20:26.000,,7,,0,0
1637,,433,627,2022-09-02 10:24:40.000,,7,,0,0
1737,,347,1621,2022-09-02 10:34:05.000,,7,,0,0
1739,,347,458,2022-09-02 10:34:15.000,,7,,0,0
1749,,396,663,2022-09-02 10:34:50.000,,7,,0,0
1789,,409,633,2022-09-02 10:37:33.000,,7,,0,0
1821,,350,1017,2022-09-02 10:41:33.000,,7,,0,0
1913,,320,798,2022-09-02 11:04:38.000,,7,,0,0
1969,,383,791,2022-09-02 11:13:19.000,,7,,0,0
1972,,492,1009,2022-09-02 11:13:40.000,,7,,0,0
2001,,326,819,2022-09-02 11:16:05.000,,7,,0,0
2004,,326,1013,2022-09-02 11:16:58.000,,7,,0,0
2005,,326,1511,2022-09-02 11:17:02.000,,7,,0,0
2012,,2,1328,2022-09-02 11:21:35.000,,7,,0,0
2029,,260,1235,2022-09-02 11:22:28.000,,7,,0,0
2049,,445,1145,2022-09-02 11:24:07.000,,7,,0,0
2053,,315,1110,2022-09-02 11:24:23.000,,7,,0,0
2054,,315,1237,2022-09-02 11:24:24.000,,7,,0,0
2064,,113,1212,2022-09-02 11:25:06.000,,7,,0,0
2084,,325,1101,2022-09-02 11:27:19.000,,7,,0,0
2118,,304,1266,2022-09-02 11:35:34.000,,7,,0,0
2146,,319,1120,2022-09-02 11:38:31.000,,7,,0,0
2169,,3,1288,2022-09-02 11:39:43.000,,7,,0,0
2175,,323,1214,2022-09-02 11:40:49.000,,7,,0,0
2178,77,,322,2022-09-02 11:41:21.000,,7,,0,0
2179,77,,1298,2022-09-02 11:41:23.000,,7,,0,0
2191,,288,1306,2022-09-02 11:44:24.000,,7,,0,0
2205,,79,1254,2022-09-02 11:45:41.000,,7,,0,0
2209,,79,1350,2022-09-02 11:45:50.000,,7,,0,0
2231,,300,1397,2022-09-02 11:47:30.000,,7,,0,0
2265,,487,1282,2022-09-02 11:50:33.000,,7,,0,0
2303,,446,528,2022-09-07 07:56:47.000,,7,,0,0
2313,76,,976,2022-09-08 14:50:00.000,,7,,0,0
2314,76,,667,2022-09-08 14:51:51.000,,7,,0,0
2319,94,,1388,2022-09-12 10:52:23.000,,7,,0,0
2368,,402,1079,2022-10-11 11:45:46.000,,7,,0,0
2369,,402,1296,2022-10-11 11:45:52.000,,7,,0,0
2395,81,,1249,2023-06-28 11:12:20.000,,7,,0,0
2411,,418,1803,2023-09-05 10:10:51.000,,7,,0,0
2415,,585,1654,2023-09-05 10:11:07.000,,7,,0,0
2433,,542,1642,2023-09-05 10:12:35.000,,7,,0,0
2517,,513,533,2023-09-05 10:21:27.000,,7,,0,0
2529,,475,571,2023-09-05 10:22:19.000,,7,,0,0
2535,,525,1627,2023-09-05 10:22:44.000,,7,,0,0
2543,,530,538,2023-09-05 10:23:06.000,,7,,0,0
2590,,516,1404,2023-09-05 10:33:18.000,,1,,0,0
2626,,483,526,2023-09-05 10:37:39.000,,7,,0,0
2627,,483,508,2023-09-05 10:37:43.000,,7,,0,0
2643,,388,896,2023-09-05 10:40:37.000,,7,,0,0
2795,,401,891,2023-09-05 11:04:17.000,,7,,0,0
2798,,401,1006,2023-09-05 11:04:35.000,,7,,0,0
2820,91,,1497,2023-09-05 11:07:39.000,,7,,0,0
2843,,347,783,2023-09-05 11:13:09.000,,7,,0,0
2851,,396,1813,2023-09-05 11:13:38.000,,7,,0,0
2857,,602,808,2023-09-05 11:14:06.000,,7,,0,0
2871,,403,1732,2023-09-05 11:15:04.000,,2,,0,0
2872,,403,1799,2023-09-05 11:15:06.000,,7,,0,0
2873,,403,953,2023-09-05 11:15:09.000,,7,,0,0
2874,,403,762,2023-09-05 11:15:11.000,,7,,0,0
2875,,403,874,2023-09-05 11:15:13.000,,7,,0,0
2917,,412,788,2023-09-05 11:18:40.000,,7,,0,0
2956,,350,1132,2023-09-05 11:23:23.000,,7,,0,0
2958,,350,1390,2023-09-05 11:23:27.000,,7,,0,0
3013,,112,1314,2023-09-05 11:27:47.000,,7,,0,0
3136,81,,1244,2023-09-05 11:46:43.000,,7,,0,0
3192,,517,1516,2023-09-06 10:15:50.000,,7,,0,0
3193,,517,235,2023-09-06 10:16:10.000,,7,,0,0
3198,,621,1612,2023-09-06 10:17:07.000,,1,,0,0
3200,,621,218,2023-09-06 10:17:20.000,,7,,0,0
3201,,621,296,2023-09-06 10:17:22.000,,7,,0,0
3290,,603,314,2023-09-06 10:30:57.000,,7,,0,0
3306,,564,195,2023-09-06 10:32:02.000,,7,,0,0
3328,77,,948,2023-09-06 10:35:05.000,,7,,0,0
3403,,618,1571,2023-09-07 11:23:29.000,,1,,0,0
3406,,570,1558,2023-09-07 11:24:06.000,,1,,0,0
3429,97,,983,2023-09-28 10:31:53.000,,7,,0,0
3430,97,,945,2023-09-28 10:32:02.000,,7,,0,0
3431,97,,977,2023-09-28 10:32:05.000,,7,,0,0
3432,97,,1414,2023-09-28 10:32:07.000,,1,,0,0
3433,97,,942,2023-09-28 10:32:09.000,,7,,0,0
3434,97,,925,2023-09-28 10:32:10.000,,7,,0,0
3435,97,,966,2023-09-28 10:32:11.000,,7,,0,0
3436,97,,928,2023-09-28 10:32:12.000,,7,,0,0
3437,97,,964,2023-09-28 10:32:13.000,,7,,0,0
3438,97,,981,2023-09-28 10:32:16.000,,7,,0,0
3439,97,,930,2023-09-28 10:32:18.000,,7,,0,0
3468,,350,1861,2023-11-09 08:06:35.000,,1,,0,0
3564,,521,1956,2023-11-16 10:49:13.000,,1,,0,0
3570,,483,1951,2023-11-16 10:50:49.000,,1,,0,0
3572,,536,1949,2023-11-16 10:51:04.000,,1,,0,0
3604,,470,1940,2023-11-16 11:26:35.000,,1,,0,0
3624,70,,1093,2024-06-25 14:57:51.000,,1,,0,0
3627,70,,1299,2024-06-25 14:57:51.000,,1,,0,0
3628,70,,1322,2024-06-25 14:57:51.000,,1,,0,0
3629,70,,1375,2024-06-25 14:57:51.000,,1,,0,0
3631,70,,776,2024-06-27 08:10:37.000,,7,,0,0
3632,70,,779,2024-06-27 08:11:05.000,,7,,0,0
3633,70,,1033,2024-06-27 08:44:12.000,,1,,0,0
3634,70,,1043,2024-06-27 08:44:12.000,,1,,0,0
3635,70,,1066,2024-06-27 08:44:12.000,,1,,0,0
3636,70,,1072,2024-06-27 08:44:12.000,,1,,0,0
3637,70,,483,2024-06-27 08:54:50.000,,1,,0,0
3640,70,,581,2024-06-27 08:54:50.000,,1,,0,0
3641,70,,590,2024-06-27 08:54:50.000,,1,,0,0
3650,70,,1619,2024-06-27 08:54:50.000,,1,,0,0
3651,70,,1622,2024-06-27 08:54:50.000,,1,,0,0
3656,70,,205,2024-06-27 10:08:42.000,,1,,0,0
3658,70,,1437,2024-06-27 10:08:42.000,,1,,0,0
3663,91,,1761,2024-06-28 09:26:05.000,,1,,0,0
3664,91,,1751,2024-06-28 09:26:21.000,,1,,0,0
3665,91,,1493,2024-06-28 09:27:11.000,,7,,0,0
3667,70,,1432,2024-06-28 09:28:19.000,,1,,0,0
3669,70,,1757,2024-06-28 10:53:09.000,,1,,0,0
3773,,614,510,2024-09-03 10:26:45.000,,7,,0,0
3774,,614,634,2024-09-03 10:26:47.000,,7,,0,0
3815,,675,547,2024-09-03 10:34:06.000,,7,,0,0
3816,,675,516,2024-09-03 10:34:10.000,,7,,0,0
3817,,675,626,2024-09-03 10:34:12.000,,7,,0,0
3818,,675,1905,2024-09-03 10:34:14.000,,1,,0,0
3827,,555,631,2024-09-03 10:35:09.000,,7,,0,0
4004,,496,821,2024-09-03 10:53:44.000,,7,,0,0
4013,,630,955,2024-09-03 10:54:19.000,,7,,0,0
4037,,418,845,2024-09-03 10:57:48.000,,7,,0,0
4038,,418,998,2024-09-03 10:57:49.000,,7,,0,0
4065,,508,872,2024-09-03 10:59:15.000,,7,,0,0
4105,,486,1728,2024-09-03 11:01:36.000,,2,,0,0
4238,,461,1736,2024-09-03 11:15:19.000,,2,,0,0
4239,,461,996,2024-09-03 11:15:32.000,,7,,0,0
4240,,461,950,2024-09-03 11:15:34.000,,7,,0,0
4241,,461,895,2024-09-03 11:15:36.000,,7,,0,0
4242,,461,811,2024-09-03 11:15:37.000,,7,,0,0
4247,,396,1735,2024-09-03 11:16:24.000,,2,,0,0
4256,,519,889,2024-09-03 11:17:00.000,,7,,0,0
4372,,442,1088,2024-09-03 11:28:00.000,,7,,0,0
4383,,495,1880,2024-09-03 11:28:45.000,,1,,0,0
4426,81,,918,2024-09-03 11:41:40.000,,7,,0,0
4503,,401,1477,2024-09-03 11:47:17.000,,7,,0,0
4505,,401,1185,2024-09-03 11:47:20.000,,7,,0,0
4506,,401,1080,2024-09-03 11:47:21.000,,7,,0,0
4539,,709,1329,2024-09-03 11:49:42.000,,7,,0,0
4555,,411,1310,2024-09-03 11:50:44.000,,7,,0,0
4557,70,,187,2024-09-03 12:06:42.000,,1,,0,0
4717,,553,246,2024-09-04 08:22:13.000,,7,,0,0
4721,,553,1566,2024-09-04 08:22:30.000,,1,,0,0
4724,,644,269,2024-09-04 08:23:01.000,,7,,0,0
4845,,655,334,2024-09-04 08:34:08.000,,7,,0,0
4848,99,,2164,2024-09-26 15:41:52.000,,3,,0,0
4849,99,,2139,2024-09-26 15:41:57.000,,1,,0,0
5044,70,,2213,2025-06-23 14:24:44.000,,3,,0,0
5047,70,,2086,2025-06-24 12:10:40.000,,3,,0,0
5049,70,,1068,2025-06-24 12:16:22.000,,7,,0,0
5052,70,,2133,2025-06-24 12:20:44.000,,1,,0,0
5054,70,,188,2025-06-24 14:22:29.000,,7,,0,0
5055,70,,1194,2025-06-24 16:22:14.000,,7,,0,0
5056,70,,876,2025-06-24 16:22:14.000,,7,,0,0
5059,81,,9,2025-07-04 15:21:39.000,,3,,0,0
5060,,629,2187,2025-09-02 09:58:41.000,,1,,0,0
5061,,629,1902,2025-09-02 09:59:41.000,,1,,0,0
5062,,629,473,2025-09-02 09:59:53.000,,7,,0,0
5063,,629,567,2025-09-02 09:59:57.000,,7,,0,0
5064,,629,636,2025-09-02 09:59:59.000,,7,,0,0
5065,,663,2192,2025-09-02 10:00:06.000,,1,,0,0
5066,,663,2210,2025-09-02 10:00:14.000,,1,,0,0
5067,,663,444,2025-09-02 10:00:16.000,,7,,0,0
5068,,663,1407,2025-09-02 10:00:17.000,,1,,0,0
5069,,664,670,2025-09-02 10:00:22.000,,7,,0,0
5070,,664,584,2025-09-02 10:00:30.000,,7,,0,0
5071,,664,446,2025-09-02 10:00:32.000,,7,,0,0
5072,,664,1914,2025-09-02 10:00:35.000,,1,,0,0
5073,,664,1637,2025-09-02 10:00:38.000,,7,,0,0
5074,,672,654,2025-09-02 10:00:44.000,,7,,0,0
5075,,672,585,2025-09-02 10:00:53.000,,7,,0,0
5076,,672,499,2025-09-02 10:00:56.000,,7,,0,0
5077,,672,2197,2025-09-02 10:00:58.000,,1,,0,0
5078,,672,1655,2025-09-02 10:01:02.000,,7,,0,0
5079,,666,561,2025-09-02 10:01:17.000,,7,,0,0
5080,,666,2190,2025-09-02 10:01:19.000,,1,,0,0
5081,,666,2203,2025-09-02 10:01:26.000,,1,,0,0
5082,,666,460,2025-09-02 10:01:29.000,,7,,0,0
5083,,666,666,2025-09-02 10:01:31.000,,7,,0,0
5084,,633,1935,2025-09-02 10:01:49.000,,1,,0,0
5085,,633,2186,2025-09-02 10:01:52.000,,1,,0,0
5086,,633,502,2025-09-02 10:01:53.000,,7,,0,0
5087,,633,551,2025-09-02 10:01:54.000,,7,,0,0
5088,,633,609,2025-09-02 10:01:56.000,,7,,0,0
5089,,668,2184,2025-09-02 10:02:02.000,,1,,0,0
5090,,668,1907,2025-09-02 10:02:05.000,,1,,0,0
5091,,668,466,2025-09-02 10:02:06.000,,7,,0,0
5092,,668,568,2025-09-02 10:02:09.000,,7,,0,0
5093,,668,620,2025-09-02 10:02:11.000,,7,,0,0
5094,,549,2191,2025-09-02 10:02:16.000,,1,,0,0
5095,,549,1889,2025-09-02 10:02:41.000,,1,,0,0
5101,,549,553,2025-09-02 10:05:33.000,,7,,0,0
5102,,549,651,2025-09-02 10:06:23.000,,7,,0,0
5103,,669,1801,2025-09-02 10:06:46.000,,7,,0,0
5104,,669,1906,2025-09-02 10:07:04.000,,1,,0,0
5105,,669,485,2025-09-02 10:07:06.000,,7,,0,0
5106,,669,1814,2025-09-02 10:07:09.000,,7,,0,0
5107,,669,669,2025-09-02 10:07:12.000,,7,,0,0
5108,,595,1668,2025-09-02 10:07:18.000,,1,,0,0
5109,,595,1946,2025-09-02 10:07:24.000,,1,,0,0
5110,,595,443,2025-09-02 10:07:30.000,,7,,0,0
5111,,595,600,2025-09-02 10:07:32.000,,7,,0,0
5112,,595,643,2025-09-02 10:07:33.000,,7,,0,0
5113,,733,1630,2025-09-02 10:07:40.000,,7,,0,0
5114,,733,1943,2025-09-02 10:08:01.000,,1,,0,0
5115,,733,448,2025-09-02 10:08:03.000,,7,,0,0
5116,,733,574,2025-09-02 10:08:06.000,,7,,0,0
5117,,733,625,2025-09-02 10:08:07.000,,7,,0,0
5118,,679,614,2025-09-02 10:08:15.000,,7,,0,0
5119,,679,1941,2025-09-02 10:08:19.000,,1,,0,0
5120,,679,481,2025-09-02 10:08:21.000,,7,,0,0
5121,,679,534,2025-09-02 10:08:23.000,,7,,0,0
5122,,679,1664,2025-09-02 10:08:26.000,,1,,0,0
5123,,635,1928,2025-09-02 10:08:31.000,,1,,0,0
5124,,635,2195,2025-09-02 10:08:42.000,,1,,0,0
5125,,635,576,2025-09-02 10:08:44.000,,7,,0,0
5126,,635,463,2025-09-02 10:08:46.000,,7,,0,0
5127,,635,649,2025-09-02 10:08:48.000,,7,,0,0
5128,,680,2194,2025-09-02 10:08:57.000,,1,,0,0
5129,,680,1942,2025-09-02 10:09:12.000,,1,,0,0
5130,,680,439,2025-09-02 10:09:14.000,,7,,0,0
5131,,680,555,2025-09-02 10:09:18.000,,7,,0,0
5132,,680,645,2025-09-02 10:09:20.000,,7,,0,0
5133,,638,1660,2025-09-02 10:09:28.000,2026-01-05 15:18:13.000,1,1,0,0
5134,,638,2199,2025-09-02 10:09:36.000,2026-01-27 16:23:46.000,1,1,0,0
5135,,638,519,2025-09-02 10:09:38.000,2026-01-27 16:23:52.000,7,7,0,0
5136,,638,558,2025-09-02 10:09:41.000,2026-01-27 16:23:58.000,7,7,0,0
5137,,638,675,2025-09-02 10:09:43.000,,7,,0,0
5138,,683,1651,2025-09-02 10:09:50.000,,7,,0,0
5139,,683,2211,2025-09-02 10:09:55.000,,1,,0,0
5140,,683,468,2025-09-02 10:09:57.000,,7,,0,0
5141,,683,603,2025-09-02 10:09:59.000,,7,,0,0
5142,,683,635,2025-09-02 10:10:00.000,,7,,0,0
5143,,690,1646,2025-09-02 10:10:07.000,,7,,0,0
5144,,690,1944,2025-09-02 10:10:15.000,,1,,0,0
5145,,690,486,2025-09-02 10:10:17.000,,7,,0,0
5146,,690,525,2025-09-02 10:10:19.000,,7,,0,0
5147,,690,668,2025-09-02 10:10:21.000,,7,,0,0
5148,,693,660,2025-09-02 10:10:30.000,,7,,0,0
5149,,693,566,2025-09-02 10:11:26.000,,7,,0,0
5150,,693,477,2025-09-02 10:11:29.000,,7,,0,0
5151,,693,1929,2025-09-02 10:11:31.000,,1,,0,0
5152,,693,2185,2025-09-02 10:11:34.000,,1,,0,0
5153,,695,2189,2025-09-02 10:11:42.000,2026-03-17 11:17:55.000,1,1,0,0
5154,,695,1893,2025-09-02 10:11:50.000,2026-03-17 11:18:18.000,1,1,0,0
5155,,695,518,2025-09-02 10:11:53.000,,7,,0,0
5156,,695,594,2025-09-02 10:11:58.000,2026-03-17 11:18:10.000,7,7,0,0
5157,,695,623,2025-09-02 10:12:01.000,,7,,0,0
5158,,696,1650,2025-09-02 10:12:12.000,,7,,0,0
5159,,696,1901,2025-09-02 10:12:18.000,,1,,0,0
5160,,696,465,2025-09-02 10:12:20.000,,7,,0,0
5161,,696,586,2025-09-02 10:12:23.000,,7,,0,0
5162,,696,644,2025-09-02 10:12:25.000,,7,,0,0
5163,,698,1802,2025-09-02 10:12:33.000,,7,,0,0
5164,,698,1953,2025-09-02 10:12:37.000,,1,,0,0
5165,,698,445,2025-09-02 10:12:38.000,,7,,0,0
5166,,698,565,2025-09-02 10:12:41.000,,7,,0,0
5167,,698,657,2025-09-02 10:12:42.000,,7,,0,0
5168,,700,1656,2025-09-02 10:12:59.000,,1,,0,0
5169,,700,1913,2025-09-02 10:13:02.000,,1,,0,0
5170,,700,438,2025-09-02 10:13:04.000,,7,,0,0
5171,,700,552,2025-09-02 10:13:06.000,,7,,0,0
5172,,700,647,2025-09-02 10:13:08.000,,7,,0,0
5173,,616,2188,2025-09-02 10:13:17.000,,1,,0,0
5174,,616,1938,2025-09-02 10:13:24.000,,1,,0,0
5175,,616,479,2025-09-02 10:13:26.000,,7,,0,0
5176,,616,529,2025-09-02 10:13:27.000,,7,,0,0
5177,,616,2154,2025-09-02 10:13:34.000,,1,,0,0
5178,,710,2193,2025-09-02 10:13:54.000,,1,,0,0
5179,,710,1924,2025-09-02 10:14:04.000,,1,,0,0
5180,,710,503,2025-09-02 10:14:06.000,,7,,0,0
5181,,710,564,2025-09-02 10:14:08.000,,7,,0,0
5182,,710,664,2025-09-02 10:14:11.000,,7,,0,0
5183,,714,1638,2025-09-02 10:14:21.000,,7,,0,0
5184,,714,1898,2025-09-02 10:14:37.000,,1,,0,0
5185,,714,482,2025-09-02 10:14:38.000,,7,,0,0
5186,,714,596,2025-09-02 10:14:40.000,,7,,0,0
5187,,714,659,2025-09-02 10:14:42.000,,7,,0,0
5188,,624,1634,2025-09-02 10:18:06.000,,7,,0,0
5189,,624,1918,2025-09-02 10:18:09.000,,1,,0,0
5190,,624,471,2025-09-02 10:18:11.000,,7,,0,0
5191,,624,545,2025-09-02 10:18:12.000,,7,,0,0
5192,,624,617,2025-09-02 10:18:14.000,,7,,0,0
5193,,719,1657,2025-09-02 10:18:39.000,,1,,0,0
5194,,719,1900,2025-09-02 10:18:47.000,,1,,0,0
5195,,719,440,2025-09-02 10:18:48.000,,7,,0,0
5196,,719,546,2025-09-02 10:18:50.000,,7,,0,0
5197,,719,2165,2025-09-02 10:18:51.000,,3,,0,0
5198,,631,1923,2025-09-02 10:20:29.000,,1,,0,0
5199,,631,2174,2025-09-02 10:20:53.000,,1,,0,0
5200,,631,464,2025-09-02 10:20:54.000,,7,,0,0
5201,,631,572,2025-09-02 10:20:55.000,,7,,0,0
5202,,631,618,2025-09-02 10:20:57.000,,7,,0,0
5203,,667,2,2025-09-02 10:21:10.000,,3,,0,0
5204,,667,1954,2025-09-02 10:21:22.000,,1,,0,0
5205,,667,498,2025-09-02 10:21:24.000,,7,,0,0
5206,,667,530,2025-09-02 10:21:27.000,,7,,0,0
5207,,667,1409,2025-09-02 10:21:29.000,,1,,0,0
5208,,671,2198,2025-09-02 10:21:34.000,,1,,0,0
5209,,671,2176,2025-09-02 10:21:39.000,,1,,0,0
5210,,671,442,2025-09-02 10:21:41.000,,7,,0,0
5211,,671,536,2025-09-02 10:21:44.000,,7,,0,0
5212,,671,1410,2025-09-02 10:21:45.000,,1,,0,0
5213,,676,1828,2025-09-02 10:21:54.000,,1,,0,0
5214,,676,1948,2025-09-02 10:21:57.000,,1,,0,0
5215,,676,509,2025-09-02 10:22:04.000,,7,,0,0
5216,,676,531,2025-09-02 10:22:06.000,,7,,0,0
5217,,676,1408,2025-09-02 10:22:07.000,,1,,0,0
5218,,682,1825,2025-09-02 10:22:20.000,,1,,0,0
5219,,682,511,2025-09-02 10:22:28.000,,7,,0,0
5220,,682,541,2025-09-02 10:22:30.000,,7,,0,0
5221,,682,655,2025-09-02 10:22:32.000,,7,,0,0
5222,,682,1939,2025-09-02 10:22:33.000,,1,,0,0
5223,,637,6,2025-09-02 10:22:41.000,,3,,0,0
5224,,637,1894,2025-09-02 10:22:46.000,,1,,0,0
5225,,637,497,2025-09-02 10:22:47.000,,7,,0,0
5226,,637,570,2025-09-02 10:22:49.000,,7,,0,0
5227,,637,641,2025-09-02 10:22:51.000,,7,,0,0
5228,,685,1908,2025-09-02 10:22:57.000,,1,,0,0
5229,,685,1836,2025-09-02 10:23:02.000,,1,,0,0
5230,,685,513,2025-09-02 10:23:04.000,,7,,0,0
5231,,685,1815,2025-09-02 10:23:06.000,,7,,0,0
5232,,685,2155,2025-09-02 10:23:08.000,,1,,0,0
5233,,686,4,2025-09-02 10:23:13.000,,3,,0,0
5234,,686,1915,2025-09-02 10:23:25.000,,1,,0,0
5236,,686,2217,2025-09-02 10:23:28.000,,1,,0,0
5237,,686,2157,2025-09-02 10:23:30.000,,1,,0,0
5238,,687,1896,2025-09-02 10:23:36.000,,1,,0,0
5239,,687,1835,2025-09-02 10:23:39.000,,1,,0,0
5240,,687,489,2025-09-02 10:23:40.000,,7,,0,0
5241,,687,598,2025-09-02 10:23:43.000,,7,,0,0
5242,,687,1405,2025-09-02 10:23:45.000,,1,,0,0
5243,,639,8,2025-09-02 10:23:53.000,,3,,0,0
5244,,639,1947,2025-09-02 10:23:57.000,,1,,0,0
5245,,639,455,2025-09-02 10:24:00.000,,7,,0,0
5246,,639,524,2025-09-02 10:24:02.000,,7,,0,0
5247,,639,612,2025-09-02 10:24:04.000,,7,,0,0
5248,,689,1829,2025-09-02 10:25:03.000,,1,,0,0
5249,,689,2212,2025-09-02 10:25:07.000,,3,,0,0
5250,,689,459,2025-09-02 10:25:20.000,,7,,0,0
5251,,689,601,2025-09-02 10:25:21.000,,7,,0,0
5252,,689,674,2025-09-02 10:25:23.000,,7,,0,0
5253,,641,1909,2025-09-02 10:25:30.000,,1,,0,0
5254,,641,2179,2025-09-02 10:25:35.000,,1,,0,0
5255,,641,461,2025-09-02 10:25:37.000,,7,,0,0
5256,,641,592,2025-09-02 10:25:39.000,,7,,0,0
5257,,641,619,2025-09-02 10:25:41.000,,7,,0,0
5258,,643,2181,2025-09-02 10:25:46.000,,1,,0,0
5259,,643,1952,2025-09-02 10:25:52.000,,1,,0,0
5260,,643,494,2025-09-02 10:25:54.000,,7,,0,0
5261,,643,539,2025-09-02 10:25:55.000,,7,,0,0
5262,,643,632,2025-09-02 10:25:58.000,,7,,0,0
5263,,646,451,2025-09-02 10:26:06.000,2025-11-03 15:30:45.000,7,7,0,0
5264,,646,542,2025-09-02 10:26:14.000,2025-11-03 15:30:50.000,7,7,0,0
5265,,646,676,2025-09-02 10:26:16.000,2026-01-05 15:16:28.000,7,7,0,0
5266,,705,1931,2025-09-02 10:26:23.000,,1,,0,0
5267,,705,1832,2025-09-02 10:26:30.000,,1,,0,0
5268,,705,478,2025-09-02 10:26:32.000,,7,,0,0
5269,,705,2216,2025-09-02 10:26:34.000,,1,,0,0
5270,,705,652,2025-09-02 10:26:35.000,,7,,0,0
5271,,707,7,2025-09-02 10:27:44.000,,3,,0,0
5272,,707,1937,2025-09-02 10:27:46.000,,1,,0,0
5273,,707,527,2025-09-02 10:27:48.000,,7,,0,0
5274,,707,2156,2025-09-02 10:27:56.000,,1,,0,0
5275,,650,1,2025-09-02 10:28:09.000,,3,,0,0
5276,,650,1895,2025-09-02 10:28:14.000,,1,,0,0
5277,,650,470,2025-09-02 10:28:15.000,,7,,0,0
5278,,650,537,2025-09-02 10:28:18.000,,7,,0,0
5279,,650,653,2025-09-02 10:28:19.000,,7,,0,0
5280,,713,10,2025-09-02 10:28:24.000,,3,,0,0
5281,,713,1916,2025-09-02 10:28:34.000,,1,,0,0
5282,,713,472,2025-09-02 10:28:35.000,,7,,0,0
5283,,713,575,2025-09-02 10:28:37.000,,7,,0,0
5284,,713,616,2025-09-02 10:28:39.000,,7,,0,0
5285,,712,3,2025-09-02 10:28:45.000,,3,,0,0
5286,,712,1897,2025-09-02 10:29:02.000,,1,,0,0
5287,,712,493,2025-09-02 10:29:05.000,,7,,0,0
5288,,712,550,2025-09-02 10:29:07.000,,7,,0,0
5289,,712,2166,2025-09-02 10:29:10.000,,3,,0,0
5290,,715,1888,2025-09-02 10:29:15.000,,1,,0,0
5291,,715,2178,2025-09-02 10:29:20.000,,1,,0,0
5292,,715,447,2025-09-02 10:29:22.000,,7,,0,0
5293,,715,593,2025-09-02 10:29:23.000,,7,,0,0
5294,,715,658,2025-09-02 10:29:25.000,,7,,0,0
5295,,651,1933,2025-09-02 10:29:32.000,,1,,0,0
5296,,651,2180,2025-09-02 10:29:44.000,,1,,0,0
5297,,651,491,2025-09-02 10:29:46.000,,7,,0,0
5298,,651,2215,2025-09-02 10:29:49.000,,1,,0,0
5299,,651,621,2025-09-02 10:29:51.000,,7,,0,0
5300,,653,1934,2025-09-02 10:29:56.000,,1,,0,0
5302,,653,543,2025-09-02 10:30:19.000,,7,,0,0
5303,,653,639,2025-09-02 10:30:21.000,,7,,0,0
5304,,654,1890,2025-09-02 10:30:33.000,,1,,0,0
5305,,654,1834,2025-09-02 10:30:39.000,,1,,0,0
5306,,654,521,2025-09-02 10:30:41.000,,7,,0,0
5307,,654,540,2025-09-02 10:30:42.000,,7,,0,0
5308,,654,662,2025-09-02 10:30:43.000,,7,,0,0
5309,,659,1652,2025-09-02 10:31:11.000,,7,,0,0
5310,,659,1917,2025-09-02 10:31:15.000,,1,,0,0
5311,,659,580,2025-09-02 10:31:17.000,,7,,0,0
5312,,659,610,2025-09-02 10:31:19.000,,7,,0,0
5313,,660,1653,2025-09-02 10:31:43.000,,7,,0,0
5314,,660,1936,2025-09-02 10:31:50.000,,1,,0,0
5315,,660,559,2025-09-02 10:31:52.000,,7,,0,0
5316,,660,638,2025-09-02 10:31:53.000,,7,,0,0
5317,,661,1666,2025-09-02 10:32:04.000,,1,,0,0
5318,,661,1932,2025-09-02 10:32:08.000,,1,,0,0
5319,,661,583,2025-09-02 10:32:10.000,,7,,0,0
5320,,661,650,2025-09-02 10:32:11.000,,5,,0,0
5321,,662,1620,2025-09-02 10:32:27.000,,7,,0,0
5322,,662,1892,2025-09-02 10:32:44.000,,1,,0,0
5323,,662,548,2025-09-02 10:32:45.000,,7,,0,0
5324,,662,1406,2025-09-02 10:32:51.000,,1,,0,0
5325,,723,1631,2025-09-02 10:32:58.000,,7,,0,0
5326,,723,1957,2025-09-02 10:33:02.000,,1,,0,0
5327,,723,602,2025-09-02 10:33:05.000,,7,,0,0
5328,,723,628,2025-09-02 10:33:06.000,,7,,0,0
5329,,665,1628,2025-09-02 10:33:15.000,,7,,0,0
5330,,665,1950,2025-09-02 10:33:17.000,,1,,0,0
5331,,665,557,2025-09-02 10:33:22.000,,7,,0,0
5332,,665,642,2025-09-02 10:33:25.000,,7,,0,0
5333,,677,1644,2025-09-02 10:33:34.000,,7,,0,0
5334,,677,1891,2025-09-02 10:33:36.000,,1,,0,0
5335,,677,579,2025-09-02 10:33:38.000,,7,,0,0
5336,,677,646,2025-09-02 10:33:40.000,,7,,0,0
5337,,678,1647,2025-09-02 10:33:47.000,,7,,0,0
5338,,678,1927,2025-09-02 10:33:51.000,,1,,0,0
5339,,678,544,2025-09-02 10:33:53.000,,7,,0,0
5340,,678,611,2025-09-02 10:33:55.000,,7,,0,0
5341,,684,1640,2025-09-02 10:34:00.000,,7,,0,0
5342,,684,1912,2025-09-02 10:34:05.000,,1,,0,0
5343,,684,604,2025-09-02 10:34:07.000,,7,,0,0
5344,,684,613,2025-09-02 10:34:08.000,,7,,0,0
5345,,681,1667,2025-09-02 10:34:14.000,,1,,0,0
5346,,681,1926,2025-09-02 10:34:16.000,,1,,0,0
5347,,681,560,2025-09-02 10:34:17.000,,7,,0,0
5348,,681,656,2025-09-02 10:34:19.000,,7,,0,0
5349,,688,1633,2025-09-02 10:34:29.000,,7,,0,0
5350,,688,1911,2025-09-02 10:34:33.000,,1,,0,0
5351,,688,562,2025-09-02 10:34:35.000,,7,,0,0
5352,,688,640,2025-09-02 10:34:37.000,,7,,0,0
5353,,640,1639,2025-09-02 10:34:49.000,,7,,0,0
5354,,640,1930,2025-09-02 10:34:51.000,,1,,0,0
5355,,640,587,2025-09-02 10:34:53.000,,7,,0,0
5356,,640,637,2025-09-02 10:34:54.000,,7,,0,0
5357,,691,1635,2025-09-02 10:35:08.000,,7,,0,0
5358,,691,1899,2025-09-02 10:35:17.000,,1,,0,0
5359,,691,573,2025-09-02 10:35:19.000,,7,,0,0
5360,,691,629,2025-09-02 10:35:22.000,,7,,0,0
5361,,769,1663,2025-09-02 10:35:29.000,,1,,0,0
5362,,769,1925,2025-09-02 10:35:34.000,,1,,0,0
5363,,769,532,2025-09-02 10:35:37.000,,7,,0,0
5364,,769,630,2025-09-02 10:35:40.000,,7,,0,0
5365,,642,1632,2025-09-02 10:35:47.000,,7,,0,0
5366,,642,1920,2025-09-02 10:36:00.000,,1,,0,0
5367,,642,535,2025-09-02 10:36:02.000,,7,,0,0
5368,,642,615,2025-09-02 10:36:05.000,,7,,0,0
5369,,644,1661,2025-09-02 10:36:14.000,,1,,0,0
5370,,644,1919,2025-09-02 10:36:17.000,,1,,0,0
5371,,644,556,2025-09-02 10:36:25.000,,7,,0,0
5372,,644,671,2025-09-02 10:36:28.000,,7,,0,0
5373,,645,1658,2025-09-02 10:36:40.000,,1,,0,0
5374,,645,1945,2025-09-02 10:36:44.000,,1,,0,0
5375,,645,549,2025-09-02 10:36:46.000,,7,,0,0
5376,,645,622,2025-09-02 10:36:48.000,,7,,0,0
5377,,697,1641,2025-09-02 10:37:07.000,,7,,0,0
5378,,697,1910,2025-09-02 10:37:09.000,,1,,0,0
5379,,697,599,2025-09-02 10:37:12.000,,7,,0,0
5380,,697,661,2025-09-02 10:37:14.000,,7,,0,0
5381,,699,1648,2025-09-02 10:37:20.000,,7,,0,0
5382,,699,1903,2025-09-02 10:37:24.000,,1,,0,0
5383,,699,554,2025-09-02 10:37:26.000,,7,,0,0
5384,,699,673,2025-09-02 10:37:28.000,,7,,0,0
5385,,702,1662,2025-09-02 10:37:36.000,,1,,0,0
5386,,702,1921,2025-09-02 10:37:43.000,,1,,0,0
5387,,702,588,2025-09-02 10:37:45.000,,7,,0,0
5388,,702,648,2025-09-02 10:37:48.000,,5,,0,0
5389,,647,2183,2025-09-02 10:37:59.000,,1,,0,0
5390,,647,2204,2025-09-02 10:39:17.000,,1,,0,0
5391,,647,2214,2025-09-02 10:39:21.000,,1,,0,0
5392,,704,1649,2025-09-02 10:39:42.000,,7,,0,0
5393,,704,1904,2025-09-02 10:39:53.000,,1,,0,0
5394,,704,591,2025-09-02 10:39:54.000,,7,,0,0
5395,,704,2161,2025-09-02 10:39:55.000,,1,,0,0
5396,,706,1626,2025-09-02 10:40:02.000,,7,,0,0
5397,,706,1955,2025-09-02 10:40:06.000,,1,,0,0
5398,,706,577,2025-09-02 10:40:08.000,,7,,0,0
5399,,706,2158,2025-09-02 10:40:09.000,,1,,0,0
5400,,708,1629,2025-09-02 10:40:29.000,,7,,0,0
5401,,708,2209,2025-09-02 10:40:32.000,,1,,0,0
5402,,708,523,2025-09-02 10:40:35.000,,7,,0,0
5403,,708,2159,2025-09-02 10:40:36.000,,1,,0,0
5404,,657,1645,2025-09-02 10:40:52.000,,7,,0,0
5405,,657,2208,2025-09-02 10:40:55.000,,1,,0,0
5406,,657,2218,2025-09-02 10:40:58.000,,1,,0,0
5407,,657,2160,2025-09-02 10:40:59.000,,1,,0,0
5408,,796,1665,2025-09-02 10:41:18.000,,1,,0,0
5409,,796,2207,2025-09-02 10:41:27.000,,1,,0,0
5410,,796,2221,2025-09-02 10:41:29.000,,1,,0,0
5411,,796,2162,2025-09-02 10:41:31.000,,1,,0,0
5412,,720,1623,2025-09-02 10:41:40.000,,7,,0,0
5413,,720,2206,2025-09-02 10:41:49.000,,1,,0,0
5414,,720,2222,2025-09-02 10:41:51.000,,1,,0,0
5415,,658,2182,2025-09-02 10:42:02.000,,1,,0,0
5416,,658,2205,2025-09-02 10:42:12.000,,1,,0,0
5417,,658,2220,2025-09-02 10:42:14.000,,1,,0,0
5418,,658,2163,2025-09-02 10:42:16.000,,1,,0,0
5424,,584,1726,2025-09-02 10:45:37.000,,2,,0,0
5425,,584,1053,2025-09-02 10:45:42.000,,7,,0,0
5426,,584,809,2025-09-02 10:45:44.000,,7,,0,0
5427,,584,857,2025-09-02 10:45:45.000,,7,,0,0
5428,,584,2142,2025-09-02 10:45:48.000,,1,,0,0
5429,,585,1744,2025-09-02 10:46:16.000,,2,,0,0
5430,,585,1027,2025-09-02 10:46:22.000,,7,,0,0
5431,,585,794,2025-09-02 10:46:25.000,,7,,0,0
5434,,585,941,2025-09-02 10:46:52.000,,7,,0,0
5435,,758,1709,2025-09-02 10:47:50.000,,2,,0,0
5436,,758,1010,2025-09-02 10:47:54.000,,7,,0,0
5437,,758,828,2025-09-02 10:47:56.000,,7,,0,0
5438,,758,852,2025-09-02 10:47:58.000,,7,,0,0
5439,,758,968,2025-09-02 10:48:01.000,,7,,0,0
5440,,596,1743,2025-09-02 10:48:23.000,,2,,0,0
5441,,596,1001,2025-09-02 10:48:34.000,,7,,0,0
5442,,596,781,2025-09-02 10:48:36.000,,7,,0,0
5443,,596,905,2025-09-02 10:48:38.000,,7,,0,0
5444,,596,969,2025-09-02 10:48:40.000,,7,,0,0
5445,,509,1720,2025-09-02 10:48:57.000,,2,,0,0
5446,,509,991,2025-09-02 10:49:01.000,,7,,0,0
5447,,509,820,2025-09-02 10:49:03.000,,7,,0,0
5448,,509,903,2025-09-02 10:49:05.000,,7,,0,0
5449,,509,931,2025-09-02 10:49:08.000,,7,,0,0
5450,,597,1721,2025-09-02 10:49:15.000,,2,,0,0
5451,,597,989,2025-09-02 10:49:22.000,,7,,0,0
5452,,597,797,2025-09-02 10:49:24.000,,7,,0,0
5453,,597,881,2025-09-02 10:49:26.000,,7,,0,0
5454,,597,932,2025-09-02 10:49:28.000,,7,,0,0
5455,,601,1738,2025-09-02 10:49:33.000,,2,,0,0
5456,,601,1018,2025-09-02 10:49:37.000,,7,,0,0
5457,,601,823,2025-09-02 10:49:40.000,,7,,0,0
5458,,601,841,2025-09-02 10:49:42.000,,7,,0,0
5459,,601,1417,2025-09-02 10:49:44.000,,1,,0,0
5460,,517,1724,2025-09-02 10:49:53.000,,2,,0,0
5461,,517,1038,2025-09-02 10:49:56.000,,7,,0,0
5462,,517,813,2025-09-02 10:49:58.000,,7,,0,0
5463,,517,847,2025-09-02 10:50:09.000,,7,,0,0
5464,,517,1412,2025-09-02 10:50:09.000,,1,,0,0
5465,,558,1418,2025-09-02 10:50:43.000,,1,,0,0
5466,,558,1024,2025-09-02 10:50:51.000,,7,,0,0
5467,,558,777,2025-09-02 10:50:53.000,,7,,0,0
5468,,558,830,2025-09-02 10:50:55.000,,7,,0,0
5469,,558,946,2025-09-02 10:50:57.000,,7,,0,0
5470,,605,1011,2025-09-02 10:51:06.000,,7,,0,0
5471,,605,2119,2025-09-02 10:51:19.000,,7,,0,0
5472,,605,844,2025-09-02 10:51:24.000,,7,,0,0
5473,,605,2143,2025-09-02 10:51:28.000,,1,,0,0
5474,,605,1718,2025-09-02 10:51:33.000,,2,,0,0
5475,,525,1706,2025-09-02 10:51:41.000,,2,,0,0
5476,,525,1002,2025-09-02 10:51:44.000,,7,,0,0
5477,,525,807,2025-09-02 10:51:46.000,,7,,0,0
5478,,525,837,2025-09-02 10:51:48.000,,7,,0,0
5479,,525,929,2025-09-02 10:51:51.000,,7,,0,0
5480,,564,1727,2025-09-02 10:51:59.000,,2,,0,0
5481,,564,1061,2025-09-02 10:52:14.000,,7,,0,0
5482,,564,789,2025-09-02 10:52:16.000,,7,,0,0
5483,,564,879,2025-09-02 10:52:19.000,,7,,0,0
5484,,564,927,2025-09-02 10:52:22.000,,7,,0,0
5485,,608,1746,2025-09-02 10:52:30.000,,2,,0,0
5486,,608,1055,2025-09-02 10:52:38.000,,7,,0,0
5487,,608,804,2025-09-02 10:52:40.000,,7,,0,0
5488,,608,887,2025-09-02 10:52:41.000,,7,,0,0
5489,,608,965,2025-09-02 10:52:43.000,,7,,0,0
5490,,527,1049,2025-09-02 10:52:59.000,,7,,0,0
5491,,527,915,2025-09-02 10:53:01.000,,7,,0,0
5492,,527,897,2025-09-02 10:53:04.000,,7,,0,0
5493,,527,951,2025-09-02 10:53:05.000,,7,,0,0
5494,,527,796,2025-09-02 10:53:09.000,,7,,0,0
5495,,648,1714,2025-09-02 10:53:16.000,,2,,0,0
5496,,648,994,2025-09-02 10:53:22.000,,7,,0,0
5497,,648,815,2025-09-02 10:53:23.000,,7,,0,0
5498,,648,892,2025-09-02 10:53:25.000,,7,,0,0
5499,,648,980,2025-09-02 10:53:27.000,,7,,0,0
5500,,618,1742,2025-09-02 10:53:35.000,,2,,0,0
5501,,618,990,2025-09-02 10:53:47.000,,7,,0,0
5502,,618,790,2025-09-02 10:53:48.000,,7,,0,0
5503,,618,909,2025-09-02 10:53:51.000,,7,,0,0
5504,,618,943,2025-09-02 10:53:55.000,,7,,0,0
5505,,572,1710,2025-09-02 10:54:05.000,,2,,0,0
5506,,572,1012,2025-09-02 10:54:10.000,,7,,0,0
5507,,572,787,2025-09-02 10:54:11.000,,7,,0,0
5508,,572,866,2025-09-02 10:54:12.000,,7,,0,0
5509,,572,2146,2025-09-02 10:54:14.000,,1,,0,0
5510,,652,1716,2025-09-02 10:54:21.000,,2,,0,0
5511,,652,954,2025-09-02 10:54:32.000,,7,,0,0
5512,,652,1047,2025-09-02 10:54:43.000,,7,,0,0
5513,,652,800,2025-09-02 10:54:49.000,,7,,0,0
5514,,652,858,2025-09-02 10:54:52.000,,7,,0,0
5515,,574,1741,2025-09-02 10:55:10.000,,2,,0,0
5516,,574,1030,2025-09-02 10:55:20.000,,7,,0,0
5517,,574,814,2025-09-02 10:55:22.000,,7,,0,0
5518,,574,907,2025-09-02 10:55:24.000,,7,,0,0
5519,,574,979,2025-09-02 10:55:27.000,,7,,0,0
5520,,619,805,2025-09-02 10:55:37.000,,7,,0,0
5521,,619,859,2025-09-02 10:55:49.000,,7,,0,0
5522,,619,924,2025-09-02 10:55:52.000,,7,,0,0
5523,,619,1715,2025-09-02 10:55:56.000,,2,,0,0
5524,,619,999,2025-09-02 10:55:58.000,,7,,0,0
5525,,620,1719,2025-09-02 10:56:10.000,,2,,0,0
5526,,620,988,2025-09-02 10:56:18.000,,7,,0,0
5527,,620,764,2025-09-02 10:56:21.000,,7,,0,0
5528,,620,861,2025-09-02 10:56:23.000,,7,,0,0
5529,,620,958,2025-09-02 10:56:25.000,,7,,0,0
5530,,543,1036,2025-09-02 10:59:38.000,,7,,0,0
5531,,543,793,2025-09-02 10:59:45.000,,7,,0,0
5532,,543,850,2025-09-02 10:59:46.000,,7,,0,0
5533,,543,1413,2025-09-02 10:59:48.000,,1,,0,0
5534,,543,1833,2025-09-02 10:59:50.000,,1,,0,0
5535,,544,1731,2025-09-02 10:59:58.000,,2,,0,0
5536,,544,1023,2025-09-02 11:00:08.000,,7,,0,0
5537,,544,806,2025-09-02 11:00:11.000,,7,,0,0
5538,,544,910,2025-09-02 11:00:14.000,,7,,0,0
5539,,544,2144,2025-09-02 11:00:16.000,,1,,0,0
5540,,545,1484,2025-09-02 11:00:22.000,,7,,0,0
5541,,545,792,2025-09-02 11:00:27.000,,7,,0,0
5542,,545,848,2025-09-02 11:00:31.000,,7,,0,0
5543,,545,985,2025-09-02 11:00:34.000,,7,,0,0
5544,,545,2177,2025-09-02 11:00:36.000,,1,,0,0
5545,,460,1025,2025-09-02 11:00:42.000,,7,,0,0
5546,,460,763,2025-09-02 11:00:54.000,,7,,0,0
5547,,460,908,2025-09-02 11:00:56.000,,7,,0,0
5548,,460,1411,2025-09-02 11:00:58.000,,1,,0,0
5549,,460,1506,2025-09-02 11:01:00.000,,7,,0,0
5550,,674,1707,2025-09-02 11:01:10.000,,2,,0,0
5551,,674,1062,2025-09-02 11:01:23.000,,7,,0,0
5552,,674,775,2025-09-02 11:01:25.000,,7,,0,0
5553,,674,843,2025-09-02 11:01:27.000,,7,,0,0
5554,,674,938,2025-09-02 11:01:28.000,,7,,0,0
5555,,592,1722,2025-09-02 11:01:42.000,,2,,0,0
5556,,592,1026,2025-09-02 11:01:50.000,,7,,0,0
5557,,592,825,2025-09-02 11:01:52.000,,7,,0,0
5558,,592,832,2025-09-02 11:01:54.000,,7,,0,0
5559,,592,956,2025-09-02 11:01:57.000,,7,,0,0
5560,,557,1032,2025-09-02 11:02:05.000,,7,,0,0
5561,,557,818,2025-09-02 11:02:15.000,,7,,0,0
5562,,557,893,2025-09-02 11:02:17.000,,7,,0,0
5563,,557,984,2025-09-02 11:02:19.000,,7,,0,0
5564,,557,2175,2025-09-02 11:02:23.000,,1,,0,0
5565,,559,1818,2025-09-02 11:02:40.000,,1,,0,0
5566,,559,935,2025-09-02 11:02:50.000,,7,,0,0
5567,,559,899,2025-09-02 11:02:54.000,,7,,0,0
5568,,559,817,2025-09-02 11:02:56.000,,7,,0,0
5569,,559,1060,2025-09-02 11:03:01.000,,7,,0,0
5570,,560,1000,2025-09-02 11:03:05.000,,7,,0,0
5571,,560,767,2025-09-02 11:03:12.000,,7,,0,0
5572,,560,834,2025-09-02 11:03:13.000,,7,,0,0
5573,,560,961,2025-09-02 11:03:15.000,,7,,0,0
5574,,560,1823,2025-09-02 11:03:17.000,,1,,0,0
5575,,603,986,2025-09-02 11:03:34.000,,7,,0,0
5576,,603,826,2025-09-02 11:03:46.000,,7,,0,0
5577,,603,853,2025-09-02 11:03:49.000,,7,,0,0
5578,,603,936,2025-09-02 11:03:53.000,,7,,0,0
5579,,603,1510,2025-09-02 11:03:57.000,,7,,0,0
5580,,604,1069,2025-09-02 11:04:22.000,,7,,0,0
5581,,604,761,2025-09-02 11:04:37.000,,7,,0,0
5582,,604,1811,2025-09-02 11:04:41.000,,7,,0,0
5583,,604,963,2025-09-02 11:04:42.000,,7,,0,0
5584,,604,1486,2025-09-02 11:04:46.000,,7,,0,0
5585,,607,2109,2025-09-02 11:04:59.000,,1,,0,0
5586,,607,1059,2025-09-02 11:05:02.000,,7,,0,0
5587,,607,803,2025-09-02 11:05:06.000,,7,,0,0
5588,,607,886,2025-09-02 11:05:08.000,,7,,0,0
5589,,607,923,2025-09-02 11:05:11.000,,7,,0,0
5590,,609,1723,2025-09-02 11:05:35.000,,2,,0,0
5591,,609,1050,2025-09-02 11:05:49.000,,7,,0,0
5592,,609,772,2025-09-02 11:05:51.000,,7,,0,0
5593,,609,860,2025-09-02 11:05:54.000,,7,,0,0
5594,,609,975,2025-09-02 11:05:56.000,,7,,0,0
5595,,612,1015,2025-09-02 11:06:03.000,,7,,0,0
5596,,612,780,2025-09-02 11:06:11.000,,7,,0,0
5597,,612,862,2025-09-02 11:06:13.000,,7,,0,0
5598,,612,2148,2025-09-02 11:06:16.000,,1,,0,0
5599,,612,1485,2025-09-02 11:06:18.000,,7,,0,0
5600,,613,1734,2025-09-02 11:06:28.000,,2,,0,0
5601,,613,1037,2025-09-02 11:06:38.000,,7,,0,0
5602,,613,760,2025-09-02 11:06:39.000,,7,,0,0
5603,,613,2114,2025-09-02 11:06:42.000,,7,,0,0
5604,,613,972,2025-09-02 11:06:43.000,,7,,0,0
5606,,483,1052,2025-09-02 11:07:02.000,,7,,0,0
5607,,483,773,2025-09-02 11:07:04.000,,7,,0,0
5608,,483,898,2025-09-02 11:07:06.000,,7,,0,0
5609,,483,937,2025-09-02 11:07:08.000,,7,,0,0
5610,,483,1831,2025-09-02 11:07:10.000,,1,,0,0
5611,,568,1046,2025-09-02 11:07:17.000,,7,,0,0
5612,,568,768,2025-09-02 11:07:28.000,,7,,0,0
5613,,568,906,2025-09-02 11:07:30.000,,7,,0,0
5614,,568,939,2025-09-02 11:07:33.000,,7,,0,0
5615,,568,1824,2025-09-02 11:07:36.000,,1,,0,0
5616,,617,1003,2025-09-02 11:07:43.000,,7,,0,0
5617,,617,2135,2025-09-02 11:07:51.000,,3,,0,0
5618,,617,947,2025-09-02 11:07:55.000,,7,,0,0
5619,,617,877,2025-09-02 11:07:58.000,,7,,0,0
5620,,617,1827,2025-09-02 11:08:01.000,,1,,0,0
5621,,799,1711,2025-09-02 11:08:15.000,,2,,0,0
5622,,799,1004,2025-09-02 11:08:26.000,,7,,0,0
5623,,799,2118,2025-09-02 11:08:28.000,,7,,0,0
5624,,799,854,2025-09-02 11:08:32.000,,7,,0,0
5625,,799,1415,2025-09-02 11:08:39.000,,1,,0,0
5626,,716,1747,2025-09-02 11:08:49.000,,2,,0,0
5627,,716,997,2025-09-02 11:08:52.000,,7,,0,0
5628,,716,816,2025-09-02 11:08:55.000,,7,,0,0
5629,,716,871,2025-09-02 11:08:57.000,,7,,0,0
5630,,716,944,2025-09-02 11:08:59.000,,7,,0,0
5631,,575,1067,2025-09-02 11:09:24.000,,7,,0,0
5632,,575,2138,2025-09-02 11:09:27.000,,3,,0,0
5633,,575,836,2025-09-02 11:09:29.000,,7,,0,0
5634,,575,934,2025-09-02 11:09:31.000,,7,,0,0
5635,,575,1830,2025-09-02 11:09:32.000,,1,,0,0
5636,,622,1063,2025-09-02 11:09:40.000,,7,,0,0
5637,,622,2136,2025-09-02 11:09:50.000,,3,,0,0
5638,,622,867,2025-09-02 11:09:52.000,,7,,0,0
5639,,622,933,2025-09-02 11:09:54.000,,7,,0,0
5640,,622,1837,2025-09-02 11:09:56.000,,1,,0,0
5641,,578,1737,2025-09-02 11:10:40.000,,2,,0,0
5642,,578,995,2025-09-02 11:11:10.000,,7,,0,0
5643,,578,786,2025-09-02 11:11:13.000,,7,,0,0
5644,,578,904,2025-09-02 11:11:17.000,,7,,0,0
5645,,578,926,2025-09-02 11:11:19.000,,7,,0,0
5646,,583,1705,2025-09-02 11:11:39.000,,2,,0,0
5647,,583,1070,2025-09-02 11:11:46.000,2026-01-27 16:22:36.000,7,7,0,0
5648,,583,795,2025-09-02 11:11:48.000,2026-01-27 16:22:20.000,7,7,0,0
5649,,583,842,2025-09-02 11:11:51.000,2026-01-27 16:21:37.000,7,7,0,0
5650,,583,2141,2025-09-02 11:11:53.000,,1,,0,0
5651,,587,1740,2025-09-02 11:12:07.000,,2,,0,0
5652,,587,993,2025-09-02 11:12:11.000,,7,,0,0
5653,,587,771,2025-09-02 11:12:13.000,,7,,0,0
5654,,587,2115,2025-09-02 11:12:14.000,,7,,0,0
5655,,587,978,2025-09-02 11:12:16.000,,7,,0,0
5656,,550,1733,2025-09-02 11:12:27.000,,2,,0,0
5657,,550,1054,2025-09-02 11:12:40.000,,7,,0,0
5658,,550,766,2025-09-02 11:12:42.000,,7,,0,0
5659,,550,856,2025-09-02 11:12:44.000,,7,,0,0
5660,,550,960,2025-09-02 11:12:47.000,,7,,0,0
5661,,625,1713,2025-09-02 11:12:55.000,,2,,0,0
5662,,625,1028,2025-09-02 11:13:18.000,,7,,0,0
5663,,625,774,2025-09-02 11:13:20.000,,7,,0,0
5664,,625,838,2025-09-02 11:13:22.000,,7,,0,0
5665,,625,2147,2025-09-02 11:13:25.000,,1,,0,0
5666,,591,1020,2025-09-02 11:13:36.000,,7,,0,0
5667,,591,967,2025-09-02 11:13:45.000,,7,,0,0
5668,,593,1712,2025-09-02 11:13:59.000,,2,,0,0
5669,,593,1039,2025-09-02 11:14:01.000,,7,,0,0
5670,,593,778,2025-09-02 11:14:08.000,,7,,0,0
5671,,593,851,2025-09-02 11:14:11.000,,7,,0,0
5672,,593,970,2025-09-02 11:14:16.000,,7,,0,0
5673,,594,1729,2025-09-02 11:14:37.000,,2,,0,0
5674,,594,782,2025-09-02 11:14:40.000,,7,,0,0
5675,,594,855,2025-09-02 11:14:46.000,,7,,0,0
5676,,594,1035,2025-09-02 11:14:49.000,,7,,0,0
5677,,594,2140,2025-09-02 11:14:53.000,,1,,0,0
5678,,598,1065,2025-09-02 11:15:10.000,,7,,0,0
5679,,598,2145,2025-09-02 11:15:12.000,,1,,0,0
5680,,555,1725,2025-09-02 11:15:40.000,,2,,0,0
5681,,555,1008,2025-09-02 11:15:41.000,,7,,0,0
5682,,555,824,2025-09-02 11:15:44.000,,7,,0,0
5683,,555,878,2025-09-02 11:15:45.000,,7,,0,0
5684,,555,974,2025-09-02 11:15:50.000,,7,,0,0
5685,,556,1717,2025-09-02 11:15:55.000,,2,,0,0
5686,,556,1056,2025-09-02 11:15:58.000,,7,,0,0
5687,,556,785,2025-09-02 11:16:00.000,,7,,0,0
5688,,556,902,2025-09-02 11:16:02.000,,7,,0,0
5689,,556,982,2025-09-02 11:16:05.000,,7,,0,0
5690,,694,2112,2025-09-02 11:16:13.000,,1,,0,0
5691,,694,992,2025-09-02 11:16:22.000,,7,,0,0
5692,,694,802,2025-09-02 11:16:25.000,,7,,0,0
5693,,694,849,2025-09-02 11:16:27.000,,7,,0,0
5694,,694,949,2025-09-02 11:16:28.000,,7,,0,0
5695,,561,1745,2025-09-02 11:16:33.000,,2,,0,0
5696,,561,987,2025-09-02 11:16:51.000,,7,,0,0
5697,,561,2116,2025-09-02 11:16:55.000,,7,,0,0
5698,,561,835,2025-09-02 11:16:57.000,,7,,0,0
5699,,561,962,2025-09-02 11:17:00.000,,7,,0,0
5700,,562,1708,2025-09-02 11:17:06.000,,2,,0,0
5701,,562,1005,2025-09-02 11:17:23.000,,7,,0,0
5702,,562,2117,2025-09-02 11:17:26.000,,7,,0,0
5703,,562,911,2025-09-02 11:17:27.000,,7,,0,0
5704,,562,973,2025-09-02 11:17:35.000,,7,,0,0
5705,,563,952,2025-09-02 11:17:51.000,,7,,0,0
5706,,563,833,2025-09-02 11:17:55.000,2026-01-27 16:23:03.000,7,7,0,0
5707,,563,2120,2025-09-02 11:17:58.000,,1,,0,0
5708,,563,1040,2025-09-02 11:18:01.000,2026-01-27 16:23:17.000,7,7,0,0
5709,,563,2113,2025-09-02 11:18:03.000,,1,,0,0
5710,,621,1041,2025-09-02 11:18:12.000,,7,,0,0
5711,,621,2111,2025-09-02 11:18:26.000,,1,,0,0
5712,,621,769,2025-09-02 11:18:29.000,,7,,0,0
5713,,621,846,2025-09-02 11:18:31.000,,7,,0,0
5714,,621,1416,2025-09-02 11:18:33.000,,1,,0,0
5715,,565,2110,2025-09-02 11:18:39.000,,1,,0,0
5716,,565,1007,2025-09-02 11:18:46.000,,7,,0,0
5717,,565,765,2025-09-02 11:18:49.000,,7,,0,0
5718,,565,888,2025-09-02 11:18:50.000,,7,,0,0
5719,,565,957,2025-09-02 11:19:12.000,,7,,0,0
5720,,566,1014,2025-09-02 11:19:20.000,,7,,0,0
5721,,566,2122,2025-09-02 11:19:37.000,,1,,0,0
5722,,566,840,2025-09-02 11:19:40.000,,7,,0,0
5723,,566,2149,2025-09-02 11:19:43.000,,1,,0,0
5724,,567,1022,2025-09-02 11:20:44.000,,7,,0,0
5725,,567,2121,2025-09-02 11:20:51.000,,1,,0,0
5726,,567,873,2025-09-02 11:20:54.000,,7,,0,0
5727,,567,971,2025-09-02 11:20:56.000,,7,,0,0
5728,,748,2153,2025-09-02 11:21:18.000,,1,,0,0
5729,,748,883,2025-09-02 11:22:00.000,,7,,0,0
5730,,748,2131,2025-09-02 11:22:02.000,,1,,0,0
5731,,748,1019,2025-09-02 11:22:03.000,,7,,0,0
5732,,721,1031,2025-09-02 11:22:11.000,,7,,0,0
5733,,721,827,2025-09-02 11:22:22.000,,7,,0,0
5734,,721,894,2025-09-02 11:22:24.000,,7,,0,0
5735,,721,2150,2025-09-02 11:22:27.000,,1,,0,0
5736,,722,799,2025-09-02 11:22:49.000,,7,,0,0
5737,,722,1042,2025-09-02 11:22:53.000,,7,,0,0
5738,,722,913,2025-09-02 11:22:55.000,,7,,0,0
5739,,722,2151,2025-09-02 11:23:00.000,,1,,0,0
5740,,457,1289,2025-09-02 11:26:23.000,,7,,0,0
5741,,457,1157,2025-09-02 11:26:39.000,,7,,0,0
5742,,457,1141,2025-09-02 11:26:42.000,,7,,0,0
5743,,457,1798,2025-09-02 11:26:44.000,,7,,0,0
5744,,457,1867,2025-09-02 11:26:46.000,,1,,0,0
5745,,630,1308,2025-09-02 11:27:03.000,,7,,0,0
5746,,630,1197,2025-09-02 11:27:09.000,,7,,0,0
5747,,630,1121,2025-09-02 11:27:12.000,,7,,0,0
5748,,630,1374,2025-09-02 11:27:16.000,,7,,0,0
5749,,630,1886,2025-09-02 11:27:18.000,,1,,0,0
5750,,542,1301,2025-09-02 11:27:30.000,,7,,0,0
5751,,542,1178,2025-09-02 11:27:35.000,,7,,0,0
5752,,542,1336,2025-09-02 11:27:37.000,,7,,0,0
5753,,542,1881,2025-09-02 11:27:40.000,,1,,0,0
5754,,501,1270,2025-09-02 11:27:47.000,,7,,0,0
5755,,501,1220,2025-09-02 11:27:56.000,,7,,0,0
5756,,501,1102,2025-09-02 11:28:07.000,,7,,0,0
5757,,501,1341,2025-09-02 11:28:09.000,,7,,0,0
5758,,501,1845,2025-09-02 11:28:12.000,,1,,0,0
5759,,727,1271,2025-09-02 11:28:18.000,,7,,0,0
5760,,727,1238,2025-09-02 11:28:31.000,,7,,0,0
5761,,727,1137,2025-09-02 11:28:34.000,,7,,0,0
5762,,727,1371,2025-09-02 11:28:37.000,,7,,0,0
5763,,727,1883,2025-09-02 11:28:39.000,,1,,0,0
5764,,459,1793,2025-09-02 11:28:46.000,,7,,0,0
5765,,459,1234,2025-09-02 11:28:57.000,,7,,0,0
5766,,459,1073,2025-09-02 11:28:59.000,,7,,0,0
5767,,459,1362,2025-09-02 11:29:04.000,,7,,0,0
5768,,459,1871,2025-09-02 11:29:08.000,,1,,0,0
5769,,508,1268,2025-09-02 11:29:16.000,,7,,0,0
5770,,508,1179,2025-09-02 11:29:29.000,,7,,0,0
5771,,508,1074,2025-09-02 11:29:33.000,,7,,0,0
5772,,508,1324,2025-09-02 11:29:35.000,,7,,0,0
5773,,508,1847,2025-09-02 11:29:40.000,,1,,0,0
5774,,551,1269,2025-09-02 11:29:54.000,,7,,0,0
5775,,551,1191,2025-09-02 11:29:57.000,,7,,0,0
5776,,551,1075,2025-09-02 11:30:00.000,,7,,0,0
5777,,551,1353,2025-09-02 11:30:05.000,,7,,0,0
5778,,551,1865,2025-09-02 11:30:08.000,,1,,0,0
5779,,765,1259,2025-09-02 11:30:25.000,,7,,0,0
5780,,765,1148,2025-09-02 11:30:29.000,,7,,0,0
5781,,765,1076,2025-09-02 11:30:31.000,,7,,0,0
5782,,765,1342,2025-09-02 11:30:35.000,,7,,0,0
5783,,765,1862,2025-09-02 11:30:37.000,,1,,0,0
5784,,736,1291,2025-09-02 11:30:47.000,,7,,0,0
5785,,736,1224,2025-09-02 11:30:53.000,,7,,0,0
5786,,736,1077,2025-09-02 11:30:56.000,,7,,0,0
5787,,736,1323,2025-09-02 11:30:59.000,,7,,0,0
5788,,736,1858,2025-09-02 11:31:01.000,,1,,0,0
5789,,396,1311,2025-09-02 11:31:11.000,,7,,0,0
5790,,396,1228,2025-09-02 11:31:16.000,,7,,0,0
5791,,396,1081,2025-09-02 11:31:18.000,,7,,0,0
5792,,396,1325,2025-09-02 11:31:21.000,,7,,0,0
5793,,396,1884,2025-09-02 11:31:23.000,,1,,0,0
5794,,519,1307,2025-09-02 11:31:35.000,,7,,0,0
5795,,519,1206,2025-09-02 11:31:46.000,,7,,0,0
5796,,519,1082,2025-09-02 11:31:49.000,,7,,0,0
5797,,519,1351,2025-09-02 11:31:51.000,,7,,0,0
5798,,519,1887,2025-09-02 11:31:54.000,,1,,0,0
5799,,739,1294,2025-09-02 11:32:02.000,,7,,0,0
5800,,739,1150,2025-09-02 11:32:12.000,,7,,0,0
5801,,739,1083,2025-09-02 11:32:14.000,,7,,0,0
5802,,739,1372,2025-09-02 11:32:17.000,,7,,0,0
5803,,739,1863,2025-09-02 11:32:20.000,,1,,0,0
5804,,523,1253,2025-09-02 11:32:31.000,,7,,0,0
5805,,523,1205,2025-09-02 11:32:36.000,,7,,0,0
5806,,523,1084,2025-09-02 11:32:40.000,,7,,0,0
5807,,523,1343,2025-09-02 11:32:43.000,,7,,0,0
5808,,523,1874,2025-09-02 11:32:45.000,,1,,0,0
5809,,477,1313,2025-09-02 11:32:54.000,,7,,0,0
5810,,477,1176,2025-09-02 11:32:59.000,,7,,0,0
5811,,477,1085,2025-09-02 11:33:01.000,,7,,0,0
5812,,477,1392,2025-09-02 11:33:04.000,,7,,0,0
5813,,477,1849,2025-09-02 11:33:13.000,,1,,0,0
5814,,478,1272,2025-09-02 11:33:23.000,,7,,0,0
5815,,478,1180,2025-09-02 11:33:29.000,,7,,0,0
5816,,478,1087,2025-09-02 11:33:31.000,,7,,0,0
5817,,478,1376,2025-09-02 11:33:34.000,,7,,0,0
5818,,478,1859,2025-09-02 11:33:36.000,,1,,0,0
5819,,526,1303,2025-09-02 11:33:52.000,,7,,0,0
5820,,526,1209,2025-09-02 11:33:54.000,,7,,0,0
5821,,526,1089,2025-09-02 11:33:56.000,,7,,0,0
5822,,526,1331,2025-09-02 11:34:02.000,,7,,0,0
5823,,526,1856,2025-09-02 11:34:04.000,,1,,0,0
5824,,529,1300,2025-09-02 11:34:11.000,,7,,0,0
5825,,529,1187,2025-09-02 11:34:22.000,,7,,0,0
5826,,529,1103,2025-09-02 11:34:25.000,,7,,0,0
5827,,529,1402,2025-09-02 11:34:28.000,,7,,0,0
5828,,529,1869,2025-09-02 11:34:30.000,,1,,0,0
5829,,480,1290,2025-09-02 11:34:37.000,,7,,0,0
5830,,480,1222,2025-09-02 11:34:49.000,,7,,0,0
5831,,480,1104,2025-09-02 11:34:52.000,,7,,0,0
5832,,480,1332,2025-09-02 11:34:54.000,,7,,0,0
5833,,480,1841,2025-09-02 11:34:57.000,,1,,0,0
5834,,482,1791,2025-09-02 11:35:10.000,,7,,0,0
5835,,482,1192,2025-09-02 11:35:14.000,,7,,0,0
5836,,482,1105,2025-09-02 11:35:18.000,,7,,0,0
5837,,482,1386,2025-09-02 11:35:22.000,,7,,0,0
5838,,482,1850,2025-09-02 11:35:24.000,,1,,0,0
5839,,484,1261,2025-09-02 11:35:36.000,,7,,0,0
5840,,484,1215,2025-09-02 11:35:43.000,,7,,0,0
5841,,484,1380,2025-09-02 11:35:45.000,,7,,0,0
5842,,486,1305,2025-09-02 11:35:56.000,,7,,0,0
5843,,486,1226,2025-09-02 11:36:03.000,,7,,0,0
5844,,486,1090,2025-09-02 11:36:05.000,,7,,0,0
5845,,486,1354,2025-09-02 11:36:08.000,,7,,0,0
5846,,486,1872,2025-09-02 11:36:11.000,,1,,0,0
5847,,711,1792,2025-09-02 11:36:22.000,,7,,0,0
5848,,711,1195,2025-09-02 11:36:25.000,,7,,0,0
5849,,711,1106,2025-09-02 11:36:28.000,,7,,0,0
5850,,711,1356,2025-09-02 11:36:31.000,,7,,0,0
5851,,711,1857,2025-09-02 11:36:35.000,,1,,0,0
5852,,488,1278,2025-09-02 11:36:42.000,,7,,0,0
5853,,488,1169,2025-09-02 11:36:52.000,,7,,0,0
5854,,488,1091,2025-09-02 11:36:54.000,,7,,0,0
5855,,488,1373,2025-09-02 11:36:56.000,,7,,0,0
5856,,488,1882,2025-09-02 11:36:59.000,,1,,0,0
5857,,498,1258,2025-09-02 11:37:25.000,,7,,0,0
5858,,498,1170,2025-09-02 11:39:20.000,,7,,0,0
5859,,498,1107,2025-09-02 11:39:22.000,,7,,0,0
5860,,498,1347,2025-09-02 11:39:26.000,,7,,0,0
5861,,498,1855,2025-09-02 11:39:31.000,,1,,0,0
5862,,499,1304,2025-09-02 11:39:37.000,,7,,0,0
5863,,499,1171,2025-09-02 11:39:48.000,,7,,0,0
5864,,499,1108,2025-09-02 11:39:50.000,,7,,0,0
5865,,499,1344,2025-09-02 11:39:52.000,,7,,0,0
5866,,499,1243,2025-09-02 11:39:54.000,,7,,0,0
5867,,456,1471,2025-09-02 11:40:07.000,,7,,0,0
5868,,456,1287,2025-09-02 11:40:22.000,,7,,0,0
5869,,456,1216,2025-09-02 11:40:26.000,,7,,0,0
5870,,456,1109,2025-09-02 11:40:29.000,,7,,0,0
5871,,456,1401,2025-09-02 11:40:31.000,,7,,0,0
5872,,541,1281,2025-09-02 11:41:13.000,,7,,0,0
5873,,541,1166,2025-09-02 11:41:18.000,,7,,0,0
5874,,541,1111,2025-09-02 11:41:32.000,,7,,0,0
5875,,541,1338,2025-09-02 11:41:33.000,,7,,0,0
5876,,541,1470,2025-09-02 11:41:35.000,,7,,0,0
5877,,418,1252,2025-09-02 11:41:44.000,,7,,0,0
5878,,418,1167,2025-09-02 11:41:59.000,,7,,0,0
5879,,418,1112,2025-09-02 11:42:02.000,,7,,0,0
5880,,418,1355,2025-09-02 11:42:04.000,,7,,0,0
5881,,418,1864,2025-09-02 11:42:07.000,,1,,0,0
5882,,504,1280,2025-09-02 11:42:17.000,,7,,0,0
5883,,504,1168,2025-09-02 11:42:27.000,,7,,0,0
5884,,504,1113,2025-09-02 11:42:29.000,,7,,0,0
5885,,504,1363,2025-09-02 11:42:31.000,,7,,0,0
5886,,504,1848,2025-09-02 11:42:33.000,,1,,0,0
5887,,506,1257,2025-09-02 11:42:37.000,,7,,0,0
5888,,506,1162,2025-09-02 11:42:42.000,,7,,0,0
5889,,506,1092,2025-09-02 11:42:44.000,,7,,0,0
5890,,506,1378,2025-09-02 11:42:46.000,,7,,0,0
5891,,506,1469,2025-09-02 11:42:48.000,,7,,0,0
5892,,656,1295,2025-09-02 11:42:55.000,,7,,0,0
5893,,656,1152,2025-09-02 11:43:04.000,,7,,0,0
5894,,656,1094,2025-09-02 11:43:07.000,,7,,0,0
5895,,656,1398,2025-09-02 11:43:10.000,,7,,0,0
5896,,656,1472,2025-09-02 11:43:12.000,,7,,0,0
5897,,507,1292,2025-09-02 11:43:19.000,,7,,0,0
5898,,507,1158,2025-09-02 11:43:29.000,,7,,0,0
5899,,507,1095,2025-09-02 11:43:31.000,,7,,0,0
5900,,507,1315,2025-09-02 11:43:34.000,,7,,0,0
5901,,507,1473,2025-09-02 11:43:35.000,,7,,0,0
5902,,462,1279,2025-09-02 11:43:39.000,,7,,0,0
5903,,462,1223,2025-09-02 11:43:52.000,,7,,0,0
5904,,462,1114,2025-09-02 11:43:55.000,,7,,0,0
5905,,462,1365,2025-09-02 11:43:58.000,,7,,0,0
5906,,462,1474,2025-09-02 11:44:01.000,,7,,0,0
5907,,463,1370,2025-09-02 11:44:08.000,,7,,0,0
5908,,463,1096,2025-09-02 11:44:18.000,,7,,0,0
5909,,463,1230,2025-09-02 11:44:20.000,,7,,0,0
5910,,463,1267,2025-09-02 11:44:20.000,,7,,0,0
5911,,510,1283,2025-09-02 11:44:33.000,,7,,0,0
5912,,510,1189,2025-09-02 11:44:41.000,,7,,0,0
5913,,510,1097,2025-09-02 11:44:45.000,,7,,0,0
5914,,510,1369,2025-09-02 11:44:48.000,,7,,0,0
5915,,510,1475,2025-09-02 11:44:50.000,,7,,0,0
5916,,466,1285,2025-09-02 11:45:00.000,,7,,0,0
5917,,466,1151,2025-09-02 11:45:09.000,,7,,0,0
5918,,466,2262,2025-09-02 11:45:10.000,,3,,0,0
5919,,466,1368,2025-09-02 11:45:12.000,,7,,0,0
5920,,466,1875,2025-09-02 11:45:14.000,,1,,0,0
5921,,467,1275,2025-09-02 11:45:28.000,,7,,0,0
5922,,467,1239,2025-09-02 11:45:29.000,,7,,0,0
5923,,467,2251,2025-09-02 11:45:31.000,,3,,0,0
5924,,467,1357,2025-09-02 11:45:33.000,,7,,0,0
5925,,467,1878,2025-09-02 11:45:35.000,,1,,0,0
5926,,397,1293,2025-09-02 11:45:43.000,,7,,0,0
5927,,397,1182,2025-09-02 11:45:48.000,,7,,0,0
5928,,397,1115,2025-09-02 11:45:50.000,,7,,0,0
5929,,397,1359,2025-09-02 11:45:52.000,,7,,0,0
5930,,397,1885,2025-09-02 11:45:54.000,,1,,0,0
5931,,470,1116,2025-09-02 11:46:03.000,,7,,0,0
5932,,470,1193,2025-09-02 11:46:08.000,,7,,0,0
5933,,470,1794,2025-09-02 11:46:09.000,,7,,0,0
5934,,470,1383,2025-09-02 11:46:13.000,,7,,0,0
5935,,470,1247,2025-09-02 11:46:15.000,,7,,0,0
5936,,471,2244,2025-09-02 11:46:46.000,,3,,0,0
5937,,471,1175,2025-09-02 11:46:48.000,,7,,0,0
5938,,471,1098,2025-09-02 11:46:50.000,,7,,0,0
5939,,471,1348,2025-09-02 11:46:52.000,,7,,0,0
5940,,471,1866,2025-09-02 11:46:53.000,,1,,0,0
5941,,520,1276,2025-09-02 11:47:00.000,,7,,0,0
5942,,520,1232,2025-09-02 11:47:18.000,,7,,0,0
5943,,520,2250,2025-09-02 11:47:21.000,,3,,0,0
5944,,520,1381,2025-09-02 11:47:22.000,,7,,0,0
5945,,520,1780,2025-09-02 11:47:25.000,,1,,0,0
5946,,475,1277,2025-09-02 11:47:34.000,,7,,0,0
5947,,475,1174,2025-09-02 11:47:39.000,,7,,0,0
5948,,475,2249,2025-09-02 11:47:41.000,,3,,0,0
5949,,475,1333,2025-09-02 11:47:43.000,,7,,0,0
5950,,475,1476,2025-09-02 11:47:47.000,,7,,0,0
5951,,524,1264,2025-09-02 11:47:54.000,,7,,0,0
5952,,524,1173,2025-09-02 11:47:58.000,,7,,0,0
5953,,524,1099,2025-09-02 11:47:59.000,,7,,0,0
5954,,524,1391,2025-09-02 11:48:00.000,,7,,0,0
5955,,524,1478,2025-09-02 11:48:01.000,,7,,0,0
5956,,481,1312,2025-09-02 11:48:09.000,,7,,0,0
5957,,481,1164,2025-09-02 11:48:18.000,,7,,0,0
5958,,481,1117,2025-09-02 11:48:19.000,,7,,0,0
5959,,481,1326,2025-09-02 11:48:21.000,,7,,0,0
5960,,481,1479,2025-09-02 11:48:23.000,,7,,0,0
5961,,407,1274,2025-09-02 11:48:29.000,,7,,0,0
5962,,407,1183,2025-09-02 11:48:50.000,,7,,0,0
5963,,407,1118,2025-09-02 11:48:54.000,,7,,0,0
5964,,407,1385,2025-09-02 11:48:56.000,,7,,0,0
5965,,407,1248,2025-09-02 11:48:59.000,,7,,0,0
5966,,485,1251,2025-09-02 11:49:11.000,,7,,0,0
5967,,485,1236,2025-09-02 11:49:18.000,,7,,0,0
5968,,485,1100,2025-09-02 11:49:20.000,,7,,0,0
5969,,485,1317,2025-09-02 11:49:40.000,,7,,0,0
5970,,485,1480,2025-09-02 11:49:45.000,,7,,0,0
5971,,537,1273,2025-09-02 11:49:55.000,,7,,0,0
5972,,537,1204,2025-09-02 11:50:01.000,,7,,0,0
5973,,537,1126,2025-09-02 11:50:03.000,,7,,0,0
5974,,537,1396,2025-09-02 11:50:04.000,,7,,0,0
5975,,537,1481,2025-09-02 11:50:08.000,,1,,0,0
5976,,717,1256,2025-09-02 11:50:14.000,,7,,0,0
5977,,717,1208,2025-09-02 11:50:25.000,,7,,0,0
5978,,717,2248,2025-09-02 11:50:27.000,,3,,0,0
5979,,717,1366,2025-09-02 11:50:28.000,,7,,0,0
5980,,717,1838,2025-09-02 11:50:31.000,,1,,0,0
5981,,539,1309,2025-09-02 11:50:39.000,,7,,0,0
5982,,539,1154,2025-09-02 11:50:47.000,,7,,0,0
5983,,539,1119,2025-09-02 11:50:49.000,,7,,0,0
5984,,539,1334,2025-09-02 11:50:51.000,,7,,0,0
5985,,539,1839,2025-09-02 11:50:53.000,,1,,0,0
5987,,703,2223,2025-09-02 15:26:30.000,,1,,0,0
5988,,703,517,2025-09-02 15:26:36.000,,7,,0,0
5989,,703,2264,2025-09-02 15:26:39.000,,1,,0,0
5990,,703,1922,2025-09-02 15:26:43.000,,1,,0,0
5991,,585,890,2025-09-02 15:29:24.000,,7,,0,0
5992,,549,488,2025-09-02 15:29:39.000,,7,,0,0
5993,,653,505,2025-09-03 07:58:40.000,,7,,0,0
5995,,686,2230,2025-09-03 10:07:00.000,,3,,0,0
5996,,755,324,2025-09-03 10:11:41.000,,7,,0,0
5997,,755,2480,2025-09-03 10:11:49.000,,1,,0,0
5998,,755,228,2025-09-03 10:11:50.000,,7,,0,0
5999,,755,2352,2025-09-03 10:11:52.000,,1,,0,0
6000,,756,2349,2025-09-03 10:11:56.000,,1,,0,0
6001,,756,232,2025-09-03 10:12:01.000,,7,,0,0
6002,,756,2481,2025-09-03 10:12:04.000,,1,,0,0
6003,,756,320,2025-09-03 10:12:09.000,,7,,0,0
6004,,728,326,2025-09-03 10:12:14.000,,7,,0,0
6005,,728,2482,2025-09-03 10:12:18.000,,1,,0,0
6006,,728,229,2025-09-03 10:12:22.000,,7,,0,0
6007,,728,2346,2025-09-03 10:12:24.000,,1,,0,0
6008,,763,2343,2025-09-03 10:12:28.000,,1,,0,0
6009,,763,211,2025-09-03 10:12:32.000,,7,,0,0
6010,,763,2483,2025-09-03 10:12:35.000,,1,,0,0
6011,,763,330,2025-09-03 10:12:36.000,,7,,0,0
6012,,764,2337,2025-09-03 10:12:40.000,,1,,0,0
6013,,764,203,2025-09-03 10:12:45.000,,7,,0,0
6014,,764,2484,2025-09-03 10:12:47.000,,1,,0,0
6015,,764,271,2025-09-03 10:12:49.000,,7,,0,0
6016,,734,2340,2025-09-03 10:12:55.000,,1,,0,0
6017,,734,206,2025-09-03 10:13:09.000,,7,,0,0
6018,,734,2486,2025-09-03 10:13:12.000,,1,,0,0
6019,,734,316,2025-09-03 10:13:14.000,,7,,0,0
6020,,806,2339,2025-09-03 10:13:18.000,,1,,0,0
6021,,806,204,2025-09-03 10:13:22.000,,7,,0,0
6022,,806,2485,2025-09-03 10:13:23.000,,1,,0,0
6023,,806,304,2025-09-03 10:13:25.000,,7,,0,0
6024,,737,318,2025-09-03 10:13:29.000,,7,,0,0
6025,,737,179,2025-09-03 10:13:34.000,,7,,0,0
6026,,737,2487,2025-09-03 10:13:36.000,,1,,0,0
6027,,737,2338,2025-09-03 10:13:37.000,,1,,0,0
6028,,776,2288,2025-09-03 10:13:43.000,,1,,0,0
6029,,776,207,2025-09-03 10:13:49.000,,7,,0,0
6030,,776,2488,2025-09-03 10:13:51.000,,1,,0,0
6031,,776,278,2025-09-03 10:13:53.000,,7,,0,0
6032,,741,2287,2025-09-03 10:13:59.000,,1,,0,0
6033,,741,208,2025-09-03 10:14:03.000,,7,,0,0
6034,,741,2489,2025-09-03 10:14:06.000,,1,,0,0
6035,,741,309,2025-09-03 10:14:07.000,,7,,0,0
6036,,779,2286,2025-09-03 10:14:12.000,,1,,0,0
6037,,779,209,2025-09-03 10:14:26.000,,7,,0,0
6038,,779,2449,2025-09-03 10:14:28.000,,1,,0,0
6039,,779,340,2025-09-03 10:14:29.000,,7,,0,0
6040,,780,285,2025-09-03 10:14:35.000,,7,,0,0
6041,,780,2447,2025-09-03 10:14:52.000,,1,,0,0
6042,,780,2299,2025-09-03 10:14:54.000,,1,,0,0
6043,,780,212,2025-09-03 10:14:56.000,,7,,0,0
6044,,785,2284,2025-09-03 10:15:05.000,,1,,0,0
6045,,785,210,2025-09-03 10:15:12.000,,7,,0,0
6046,,785,2448,2025-09-03 10:15:14.000,,1,,0,0
6047,,785,2277,2025-09-03 10:15:15.000,,1,,0,0
6048,,743,2298,2025-09-03 10:15:20.000,,1,,0,0
6049,,743,213,2025-09-03 10:15:24.000,,7,,0,0
6050,,743,2460,2025-09-03 10:15:26.000,,1,,0,0
6051,,743,303,2025-09-03 10:15:27.000,,7,,0,0
6052,,744,2295,2025-09-03 10:15:35.000,,1,,0,0
6053,,744,214,2025-09-03 10:15:38.000,,7,,0,0
6054,,744,2446,2025-09-03 10:15:40.000,,1,,0,0
6055,,744,275,2025-09-03 10:15:41.000,,7,,0,0
6056,,787,2294,2025-09-03 10:15:44.000,,1,,0,0
6057,,787,231,2025-09-03 10:15:52.000,,7,,0,0
6058,,787,2445,2025-09-03 10:15:54.000,,1,,0,0
6059,,787,307,2025-09-03 10:15:55.000,,7,,0,0
6060,,790,2293,2025-09-03 10:16:03.000,,1,,0,0
6061,,790,233,2025-09-03 10:16:07.000,,7,,0,0
6062,,790,2444,2025-09-03 10:16:08.000,,1,,0,0
6063,,790,288,2025-09-03 10:16:09.000,,7,,0,0
6064,,791,2292,2025-09-03 10:16:18.000,,1,,0,0
6065,,791,234,2025-09-03 10:16:23.000,,7,,0,0
6066,,791,2443,2025-09-03 10:16:25.000,,1,,0,0
6067,,791,343,2025-09-03 10:16:26.000,,7,,0,0
6068,,797,335,2025-09-03 10:16:32.000,,7,,0,0
6069,,797,2442,2025-09-03 10:16:38.000,,1,,0,0
6070,,797,2291,2025-09-03 10:16:39.000,,1,,0,0
6071,,797,236,2025-09-03 10:16:41.000,,7,,0,0
6072,,802,2290,2025-09-03 10:16:47.000,,1,,0,0
6073,,802,237,2025-09-03 10:16:50.000,,7,,0,0
6074,,802,2441,2025-09-03 10:16:51.000,,1,,0,0
6075,,802,2083,2025-09-03 10:16:52.000,,3,,0,0
6076,,750,2289,2025-09-03 10:16:56.000,,1,,0,0
6077,,750,238,2025-09-03 10:17:01.000,,7,,0,0
6078,,750,2440,2025-09-03 10:17:02.000,,1,,0,0
6079,,750,337,2025-09-03 10:17:03.000,,7,,0,0
6080,,655,270,2025-09-03 10:17:06.000,,7,,0,0
6081,,655,2461,2025-09-03 10:17:25.000,,1,,0,0
6082,,655,239,2025-09-03 10:17:27.000,,7,,0,0
6083,,655,2297,2025-09-03 10:17:28.000,,1,,0,0
6084,,804,2357,2025-09-03 10:17:36.000,,1,,0,0
6085,,804,240,2025-09-03 10:17:42.000,,7,,0,0
6086,,804,2462,2025-09-03 10:17:43.000,,1,,0,0
6087,,804,310,2025-09-03 10:17:45.000,,7,,0,0
6088,,805,2296,2025-09-03 10:17:54.000,,1,,0,0
6089,,805,241,2025-09-03 10:17:56.000,,7,,0,0
6090,,805,2463,2025-09-03 10:17:58.000,,1,,0,0
6091,,805,333,2025-09-03 10:17:59.000,,7,,0,0
6092,,752,2318,2025-09-03 10:18:12.000,,1,,0,0
6093,,752,2470,2025-09-03 10:19:17.000,,1,,0,0
6094,,752,293,2025-09-03 10:19:18.000,,7,,0,0
6095,,754,2317,2025-09-03 10:19:23.000,,1,,0,0
6096,,754,2471,2025-09-03 10:19:32.000,,1,,0,0
6097,,754,313,2025-09-03 10:19:34.000,,7,,0,0
6098,,759,2356,2025-09-03 10:19:37.000,,1,,0,0
6099,,759,2472,2025-09-03 10:19:39.000,,1,,0,0
6100,,759,336,2025-09-03 10:19:40.000,,7,,0,0
6101,,760,2316,2025-09-03 10:19:44.000,,1,,0,0
6102,,760,2473,2025-09-03 10:19:48.000,,1,,0,0
6103,,760,276,2025-09-03 10:19:50.000,,7,,0,0
6104,,730,2315,2025-09-03 10:19:54.000,,1,,0,0
6105,,730,2474,2025-09-03 10:20:00.000,,1,,0,0
6106,,730,344,2025-09-03 10:20:01.000,,7,,0,0
6107,,731,2314,2025-09-03 10:20:07.000,,1,,0,0
6108,,731,1750,2025-09-03 10:20:13.000,,1,,0,0
6109,,731,2475,2025-09-03 10:20:15.000,,1,,0,0
6110,,731,329,2025-09-03 10:20:16.000,,7,,0,0
6111,,732,1749,2025-09-03 10:20:20.000,,1,,0,0
6112,,732,2313,2025-09-03 10:20:25.000,,1,,0,0
6113,,732,2476,2025-09-03 10:20:27.000,,1,,0,0
6114,,732,321,2025-09-03 10:20:30.000,,7,,0,0
6115,,762,2285,2025-09-03 10:20:35.000,,1,,0,0
6116,,762,2477,2025-09-03 10:20:51.000,,1,,0,0
6117,,762,306,2025-09-03 10:20:53.000,,7,,0,0
6118,,770,1748,2025-09-03 10:20:56.000,,1,,0,0
6119,,770,2355,2025-09-03 10:21:01.000,,1,,0,0
6120,,770,2478,2025-09-03 10:21:03.000,,1,,0,0
6121,,770,328,2025-09-03 10:21:05.000,,7,,0,0
6122,,772,2331,2025-09-03 10:21:11.000,,1,,0,0
6123,,772,2479,2025-09-03 10:21:14.000,,1,,0,0
6124,,772,299,2025-09-03 10:21:15.000,,7,,0,0
6125,,773,1760,2025-09-03 10:21:19.000,,1,,0,0
6126,,773,2354,2025-09-03 10:21:23.000,,1,,0,0
6127,,773,2509,2025-09-03 10:21:24.000,,1,,0,0
6128,,773,338,2025-09-03 10:21:25.000,,7,,0,0
6129,,774,2306,2025-09-03 10:21:29.000,,1,,0,0
6130,,774,2508,2025-09-03 10:21:32.000,,1,,0,0
6131,,774,273,2025-09-03 10:21:33.000,,7,,0,0
6132,,738,2305,2025-09-03 10:21:36.000,,1,,0,0
6133,,738,2507,2025-09-03 10:21:59.000,,1,,0,0
6134,,738,292,2025-09-03 10:21:59.000,,7,,0,0
6135,,740,2304,2025-09-03 10:22:04.000,,1,,0,0
6136,,740,2506,2025-09-03 10:22:05.000,,1,,0,0
6137,,740,295,2025-09-03 10:22:06.000,,7,,0,0
6138,,777,2303,2025-09-03 10:22:09.000,,1,,0,0
6139,,777,2505,2025-09-03 10:22:13.000,,1,,0,0
6140,,777,2279,2025-09-03 10:22:14.000,,1,,0,0
6141,,742,2302,2025-09-03 10:22:26.000,,1,,0,0
6142,,742,2504,2025-09-03 10:22:29.000,,1,,0,0
6143,,742,327,2025-09-03 10:22:31.000,,7,,0,0
6144,,786,287,2025-09-03 10:22:34.000,,7,,0,0
6145,,786,2503,2025-09-03 10:22:37.000,,1,,0,0
6146,,786,2301,2025-09-03 10:22:39.000,,1,,0,0
6147,,788,2300,2025-09-03 10:22:42.000,,1,,0,0
6148,,788,2502,2025-09-03 10:22:48.000,,1,,0,0
6149,,788,2082,2025-09-03 10:22:49.000,,1,,0,0
6150,,745,2353,2025-09-03 10:22:53.000,,1,,0,0
6151,,745,2501,2025-09-03 10:22:57.000,,1,,0,0
6152,,745,2276,2025-09-03 10:22:58.000,,1,,0,0
6153,,792,2464,2025-09-03 10:23:01.000,,1,,0,0
6154,,792,339,2025-09-03 10:23:17.000,,7,,0,0
6155,,792,1758,2025-09-03 10:23:18.000,,1,,0,0
6156,,792,2351,2025-09-03 10:23:19.000,,1,,0,0
6157,,649,2350,2025-09-03 10:23:24.000,,1,,0,0
6158,,649,2500,2025-09-03 10:23:29.000,,1,,0,0
6159,,649,2085,2025-09-03 10:23:29.000,,3,,0,0
6160,,798,1759,2025-09-03 10:23:35.000,,1,,0,0
6161,,798,2348,2025-09-03 10:23:58.000,,1,,0,0
6162,,798,2465,2025-09-03 10:23:59.000,,1,,0,0
6163,,798,2084,2025-09-03 10:24:00.000,,3,,0,0
6164,,751,2347,2025-09-03 10:24:04.000,,1,,0,0
6165,,751,1756,2025-09-03 10:24:10.000,,1,,0,0
6166,,751,2466,2025-09-03 10:24:11.000,,1,,0,0
6167,,751,2278,2025-09-03 10:24:13.000,,1,,0,0
6168,,753,342,2025-09-03 10:24:43.000,,7,,0,0
6169,,753,2345,2025-09-03 10:28:23.000,,1,,0,0
6170,,753,2499,2025-09-03 10:28:24.000,,1,,0,0
6171,,725,2459,2025-09-03 10:28:28.000,,1,,0,0
6172,,725,2344,2025-09-03 10:28:36.000,,1,,0,0
6173,,725,284,2025-09-03 10:28:37.000,,7,,0,0
6174,,726,2281,2025-09-03 10:28:41.000,,1,,0,0
6175,,726,2467,2025-09-03 10:28:47.000,,1,,0,0
6176,,726,2342,2025-09-03 10:28:48.000,,1,,0,0
6177,,757,294,2025-09-03 10:28:51.000,,7,,0,0
6178,,757,2341,2025-09-03 10:28:58.000,,1,,0,0
6179,,757,2458,2025-09-03 10:28:59.000,,1,,0,0
6180,,729,2468,2025-09-03 10:29:02.000,,1,,0,0
6181,,729,2336,2025-09-03 10:29:06.000,,1,,0,0
6182,,729,332,2025-09-03 10:29:07.000,,7,,0,0
6183,,761,2469,2025-09-03 10:29:10.000,,1,,0,0
6184,,761,2335,2025-09-03 10:29:15.000,,1,,0,0
6185,,761,341,2025-09-03 10:29:16.000,,7,,0,0
6186,,766,2334,2025-09-03 10:29:21.000,,1,,0,0
6187,,766,277,2025-09-03 10:29:26.000,,7,,0,0
6188,,766,2496,2025-09-03 10:29:32.000,,1,,0,0
6189,,735,2332,2025-09-03 10:29:36.000,,1,,0,0
6190,,735,2490,2025-09-03 10:29:39.000,,1,,0,0
6191,,735,301,2025-09-03 10:29:41.000,,7,,0,0
6192,,767,325,2025-09-03 10:29:46.000,,7,,0,0
6193,,767,2333,2025-09-03 10:29:48.000,,1,,0,0
6194,,767,2491,2025-09-03 10:29:49.000,,1,,0,0
6195,,768,2358,2025-09-03 10:29:55.000,,1,,0,0
6196,,768,280,2025-09-03 10:29:59.000,,7,,0,0
6197,,768,2492,2025-09-03 10:30:01.000,,1,,0,0
6198,,771,2330,2025-09-03 10:30:05.000,,1,,0,0
6199,,771,319,2025-09-03 10:30:08.000,,7,,0,0
6200,,771,2493,2025-09-03 10:30:19.000,,1,,0,0
6201,,775,2329,2025-09-03 10:30:25.000,,1,,0,0
6202,,775,2494,2025-09-03 10:30:27.000,,1,,0,0
6203,,775,312,2025-09-03 10:30:29.000,,7,,0,0
6204,,778,2283,2025-09-03 10:30:33.000,,1,,0,0
6205,,778,2328,2025-09-03 10:30:37.000,,1,,0,0
6206,,778,2495,2025-09-03 10:30:37.000,,1,,0,0
6207,,781,302,2025-09-03 10:30:41.000,,7,,0,0
6208,,781,2497,2025-09-03 10:30:43.000,,1,,0,0
6209,,781,2326,2025-09-03 10:30:44.000,,1,,0,0
6210,,783,2280,2025-09-03 10:30:47.000,,1,,0,0
6211,,783,2498,2025-09-03 10:30:50.000,,1,,0,0
6212,,783,2327,2025-09-03 10:30:51.000,,1,,0,0
6213,,782,279,2025-09-03 10:30:53.000,,7,,0,0
6214,,782,2325,2025-09-03 10:30:57.000,,1,,0,0
6215,,782,2457,2025-09-03 10:30:58.000,,1,,0,0
6216,,784,272,2025-09-03 10:31:01.000,,7,,0,0
6217,,784,2456,2025-09-03 10:31:03.000,,1,,0,0
6218,,784,2324,2025-09-03 10:31:07.000,,1,,0,0
6219,,789,2323,2025-09-03 10:31:09.000,,1,,0,0
6220,,789,2455,2025-09-03 10:31:11.000,,1,,0,0
6221,,789,290,2025-09-03 10:31:12.000,,7,,0,0
6222,,794,305,2025-09-03 10:31:15.000,,7,,0,0
6223,,794,2454,2025-09-03 10:31:18.000,,1,,0,0
6224,,794,2322,2025-09-03 10:31:19.000,,1,,0,0
6225,,795,283,2025-09-03 10:31:22.000,,7,,0,0
6226,,795,2453,2025-09-03 10:31:25.000,,1,,0,0
6227,,795,2307,2025-09-03 10:31:26.000,,1,,0,0
6228,,800,317,2025-09-03 10:31:28.000,,7,,0,0
6229,,800,2452,2025-09-03 10:31:31.000,,1,,0,0
6230,,800,2321,2025-09-03 10:31:31.000,,1,,0,0
6231,,718,323,2025-09-03 10:31:34.000,,7,,0,0
6232,,718,2451,2025-09-03 10:31:37.000,,1,,0,0
6233,,718,2320,2025-09-03 10:31:38.000,,1,,0,0
6234,,801,286,2025-09-03 10:31:41.000,,7,,0,0
6235,,801,2450,2025-09-03 10:31:43.000,,1,,0,0
6236,,801,2319,2025-09-03 10:31:44.000,,1,,0,0
6237,,803,2266,2025-09-03 10:31:49.000,,1,,0,0
6238,,803,2435,2025-09-03 10:31:52.000,,1,,0,0
6239,,803,2312,2025-09-03 10:31:53.000,,1,,0,0
6240,,749,2265,2025-09-03 10:31:55.000,,1,,0,0
6241,,749,2436,2025-09-03 10:32:12.000,,1,,0,0
6242,,749,2311,2025-09-03 10:32:13.000,,1,,0,0
6243,,589,863,2025-09-09 07:51:07.000,,7,,0,0
6244,,589,810,2025-09-09 07:52:15.000,,7,,0,0
6245,,589,1057,2025-09-09 07:52:19.000,,7,,0,0
6246,,589,1739,2025-09-09 07:52:26.000,,2,,0,0
6247,,589,2152,2025-09-09 07:52:31.000,,1,,0,0
6248,,663,2219,2025-09-09 07:54:39.000,,1,,0,0
6249,101,,900,2025-09-12 15:12:04.000,,7,,0,0
6250,103,,2282,2025-09-15 17:42:33.000,,1,,0,0
6253,,580,940,2025-10-16 08:00:42.000,,7,,0,0
6254,,580,1730,2025-10-16 08:00:47.000,,2,,0,0
6255,,580,1051,2025-10-16 08:00:52.000,,7,,0,0
6256,,580,812,2025-10-16 08:00:57.000,,7,,0,0
6257,,580,839,2025-10-16 08:01:01.000,,7,,0,0
6258,,641,2229,2025-10-16 08:01:23.000,,3,,0,0
