"Id_Inventaire_Materiel","Cle_Catalogue_Materiel","Date_Achat_Materiel","NumeroDeSerie","Perdu","Cle_Etat_Materiel","à_imprimer"
1,10,2021-07-01 00:00:00.000,,0,3,0
2,10,2021-07-01 00:00:00.000,,0,3,0
3,10,2021-07-01 00:00:00.000,,0,3,0
4,10,2021-07-01 00:00:00.000,,0,3,0
6,10,2021-07-01 00:00:00.000,,0,3,0
7,10,2021-07-01 00:00:00.000,,0,3,0
8,10,2021-07-01 00:00:00.000,,0,3,0
9,10,2021-07-01 00:00:00.000,,0,3,0
10,10,2021-07-01 00:00:00.000,,0,3,0
11,15,2021-07-01 00:00:00.000,,0,2,0
12,15,2021-07-01 00:00:00.000,,0,2,0
13,15,2021-07-01 00:00:00.000,,0,2,0
14,15,2021-07-01 00:00:00.000,,0,2,0
15,15,2021-07-01 00:00:00.000,,0,2,0
16,15,2021-07-01 00:00:00.000,,0,2,0
17,15,2021-07-01 00:00:00.000,,0,2,0
18,15,2021-07-01 00:00:00.000,,0,2,0
19,15,2021-07-01 00:00:00.000,,0,2,0
20,15,2021-07-01 00:00:00.000,,0,2,0
21,15,2021-07-01 00:00:00.000,,0,2,0
22,15,2021-07-01 00:00:00.000,,0,2,0
23,15,2021-07-01 00:00:00.000,,0,2,0
24,15,2021-07-01 00:00:00.000,,0,2,0
25,15,2021-07-01 00:00:00.000,,0,2,0
26,15,2021-07-01 00:00:00.000,,0,2,0
27,15,2021-07-01 00:00:00.000,,0,2,0
28,15,2021-07-01 00:00:00.000,,0,2,0
29,15,2021-07-01 00:00:00.000,,0,2,0
30,15,2021-07-01 00:00:00.000,,0,2,0
31,15,2021-07-01 00:00:00.000,,0,2,0
32,15,2021-07-01 00:00:00.000,,0,2,0
33,15,2021-07-01 00:00:00.000,,0,2,0
34,15,2021-07-01 00:00:00.000,,0,2,0
179,4,2021-08-24 00:00:00.000,,0,7,0
180,4,2021-08-24 00:00:00.000,,0,7,0
181,4,2021-08-24 00:00:00.000,,0,7,0
182,4,2021-08-24 00:00:00.000,,0,7,0
183,4,2021-08-24 00:00:00.000,,0,7,0
184,4,2021-08-24 00:00:00.000,,0,7,0
185,4,2021-08-24 00:00:00.000,,0,7,0
186,4,2021-08-24 00:00:00.000,,0,7,0
187,4,2021-08-24 00:00:00.000,,-1,1,0
188,4,2021-08-24 00:00:00.000,,-1,7,0
189,4,2021-08-24 00:00:00.000,,0,7,0
190,4,2021-08-24 00:00:00.000,,0,7,0
191,4,2021-08-24 00:00:00.000,,0,7,0
192,4,2021-08-24 00:00:00.000,,0,7,0
193,4,2021-08-24 00:00:00.000,,0,7,0
194,4,2021-08-24 00:00:00.000,,0,7,0
195,4,2021-08-24 00:00:00.000,,-1,7,0
196,4,2021-08-24 00:00:00.000,,0,7,0
197,4,2021-08-24 00:00:00.000,,0,7,0
198,4,2021-08-24 00:00:00.000,,0,7,0
199,4,2021-08-24 00:00:00.000,,0,7,0
200,4,2021-08-24 00:00:00.000,,0,7,0
201,4,2021-08-24 00:00:00.000,,0,7,0
202,4,2021-08-24 00:00:00.000,,-1,7,0
203,4,2021-08-24 00:00:00.000,,0,7,0
204,4,2021-08-24 00:00:00.000,,0,7,0
205,4,2021-08-24 00:00:00.000,,-1,1,0
206,4,2021-08-24 00:00:00.000,,0,7,0
207,4,2021-08-24 00:00:00.000,,0,7,0
208,4,2021-08-24 00:00:00.000,,0,7,0
209,4,2021-08-24 00:00:00.000,,0,7,0
210,4,2021-08-24 00:00:00.000,,0,7,0
211,4,2021-08-24 00:00:00.000,,0,7,0
212,4,2021-08-24 00:00:00.000,,0,7,0
213,4,2021-08-24 00:00:00.000,,0,7,0
214,4,2021-08-24 00:00:00.000,,0,7,0
215,4,2021-08-24 00:00:00.000,,0,7,0
216,4,2021-08-24 00:00:00.000,,0,7,0
217,4,2021-08-24 00:00:00.000,,-1,7,0
218,4,2021-08-24 00:00:00.000,,-1,7,0
219,4,2021-08-24 00:00:00.000,,0,7,0
220,4,2021-08-24 00:00:00.000,,0,7,0
221,4,2021-08-24 00:00:00.000,,0,7,0
222,4,2021-08-24 00:00:00.000,,0,7,0
223,4,2021-08-24 00:00:00.000,,-1,7,0
224,4,2021-08-24 00:00:00.000,,-1,7,0
225,4,2021-08-24 00:00:00.000,,0,7,0
226,4,2021-08-24 00:00:00.000,,0,7,0
227,4,2021-08-24 00:00:00.000,,0,7,0
228,4,2021-08-24 00:00:00.000,,0,7,0
229,4,2021-08-24 00:00:00.000,,0,7,0
230,4,2021-08-24 00:00:00.000,,0,7,0
231,4,2021-08-24 00:00:00.000,,0,7,0
232,4,2021-08-24 00:00:00.000,,0,7,0
233,4,2021-08-24 00:00:00.000,,0,7,0
234,4,2021-08-24 00:00:00.000,,0,7,0
235,4,2021-08-24 00:00:00.000,,-1,7,0
236,4,2021-08-24 00:00:00.000,,0,7,0
237,4,2021-08-24 00:00:00.000,,0,7,0
238,4,2021-08-24 00:00:00.000,,0,7,0
239,4,2021-08-24 00:00:00.000,,0,7,0
240,4,2021-08-24 00:00:00.000,,0,7,0
241,4,2021-08-24 00:00:00.000,,0,7,0
242,4,2021-08-24 00:00:00.000,,0,7,0
243,4,2021-08-24 00:00:00.000,,0,7,0
244,4,2021-08-24 00:00:00.000,,0,7,0
245,4,2021-08-24 00:00:00.000,,-1,7,0
246,4,2021-08-24 00:00:00.000,,-1,7,0
247,4,2021-08-24 00:00:00.000,,0,7,0
248,4,2021-08-24 00:00:00.000,,0,7,0
269,6,2021-08-25 00:00:00.000,,-1,7,0
270,6,2021-08-25 00:00:00.000,,0,7,0
271,6,2021-08-25 00:00:00.000,,0,7,0
272,6,2021-08-25 00:00:00.000,,0,7,0
273,6,2021-08-25 00:00:00.000,,0,7,0
274,6,2021-08-25 00:00:00.000,,0,7,0
275,6,2021-08-25 00:00:00.000,,0,7,0
276,6,2021-08-25 00:00:00.000,,0,7,0
277,6,2021-08-25 00:00:00.000,,0,7,0
278,6,2021-08-25 00:00:00.000,,0,7,0
279,6,2021-08-25 00:00:00.000,,0,7,0
280,6,2021-08-25 00:00:00.000,,0,7,0
281,6,2021-08-25 00:00:00.000,,-1,7,0
282,6,2021-08-25 00:00:00.000,,-1,7,0
283,6,2021-08-25 00:00:00.000,,0,7,0
284,6,2021-08-25 00:00:00.000,,0,7,0
285,6,2021-08-25 00:00:00.000,,0,7,0
286,6,2021-08-25 00:00:00.000,,0,7,0
287,6,2021-08-25 00:00:00.000,,0,7,0
288,6,2021-08-25 00:00:00.000,,0,7,0
289,6,2021-08-25 00:00:00.000,,-1,7,0
290,6,2021-08-25 00:00:00.000,,0,7,0
291,6,2021-08-25 00:00:00.000,,0,7,0
292,6,2021-08-25 00:00:00.000,,0,7,0
293,6,2021-08-25 00:00:00.000,,0,7,0
294,6,2021-08-25 00:00:00.000,,0,7,0
295,6,2021-08-25 00:00:00.000,,0,7,0
296,6,2021-08-25 00:00:00.000,,-1,7,0
297,6,2021-08-25 00:00:00.000,,0,7,0
298,6,2021-08-25 00:00:00.000,,0,7,0
299,6,2021-08-25 00:00:00.000,,0,7,0
300,6,2021-08-25 00:00:00.000,,0,7,0
301,6,2021-08-25 00:00:00.000,,0,7,0
302,6,2021-08-25 00:00:00.000,,0,7,0
303,6,2021-08-25 00:00:00.000,,0,7,0
304,6,2021-08-25 00:00:00.000,,0,7,0
305,6,2021-08-25 00:00:00.000,,0,7,0
306,6,2021-08-25 00:00:00.000,,0,7,0
307,6,2021-08-25 00:00:00.000,,0,7,0
308,6,2021-08-25 00:00:00.000,,0,7,0
309,6,2021-08-25 00:00:00.000,,0,7,0
310,6,2021-08-25 00:00:00.000,,0,7,0
311,6,2021-08-25 00:00:00.000,,-1,7,0
312,6,2021-08-25 00:00:00.000,,0,7,0
313,6,2021-08-25 00:00:00.000,,0,7,0
314,6,2021-08-25 00:00:00.000,,-1,7,0
315,6,2021-08-25 00:00:00.000,,0,7,0
316,6,2021-08-25 00:00:00.000,,0,7,0
317,6,2021-08-25 00:00:00.000,,0,7,0
318,6,2021-08-25 00:00:00.000,,0,7,0
319,6,2021-08-25 00:00:00.000,,0,7,0
320,6,2021-08-25 00:00:00.000,,0,7,0
321,6,2021-08-25 00:00:00.000,,0,7,0
322,6,2021-08-25 00:00:00.000,,0,7,0
323,6,2021-08-25 00:00:00.000,,0,7,0
324,6,2021-08-25 00:00:00.000,,0,7,0
325,6,2021-08-25 00:00:00.000,,0,7,0
326,6,2021-08-25 00:00:00.000,,0,7,0
327,6,2021-08-25 00:00:00.000,,0,7,0
328,6,2021-08-25 00:00:00.000,,0,7,0
329,6,2021-08-25 00:00:00.000,,0,7,0
330,6,2021-08-25 00:00:00.000,,0,7,0
331,6,2021-08-25 00:00:00.000,,0,7,0
332,6,2021-08-25 00:00:00.000,,0,7,0
333,6,2021-08-25 00:00:00.000,,0,7,0
334,6,2021-08-25 00:00:00.000,,-1,7,0
335,6,2021-08-25 00:00:00.000,,0,7,0
336,6,2021-08-25 00:00:00.000,,0,7,0
337,6,2021-08-25 00:00:00.000,,0,7,0
338,6,2021-08-25 00:00:00.000,,0,7,0
339,6,2021-08-25 00:00:00.000,,0,7,0
340,6,2021-08-25 00:00:00.000,,0,7,0
341,6,2021-08-25 00:00:00.000,,0,7,0
342,6,2021-08-25 00:00:00.000,,0,7,0
343,6,2021-08-25 00:00:00.000,,0,7,0
344,6,2021-08-25 00:00:00.000,,0,7,0
345,6,2021-08-25 00:00:00.000,,0,7,0
437,12,2021-08-25 00:00:00.000,,0,7,0
438,12,2021-08-25 00:00:00.000,,0,7,0
439,12,2021-08-25 00:00:00.000,,0,7,0
440,12,2021-08-25 00:00:00.000,,0,7,0
441,12,2021-08-25 00:00:00.000,,0,7,0
442,12,2021-08-25 00:00:00.000,,0,7,0
443,12,2021-08-25 00:00:00.000,,0,7,0
444,12,2021-08-25 00:00:00.000,,0,7,0
445,12,2021-08-25 00:00:00.000,,0,7,0
446,12,2021-08-25 00:00:00.000,,0,7,0
447,12,2021-08-25 00:00:00.000,,0,7,0
448,12,2021-08-25 00:00:00.000,,0,7,0
449,12,2021-08-25 00:00:00.000,,0,7,0
450,12,2021-08-25 00:00:00.000,,0,7,0
451,12,2021-08-25 00:00:00.000,,0,7,0
452,12,2021-08-25 00:00:00.000,,0,7,0
453,12,2021-08-25 00:00:00.000,,0,7,0
454,12,2021-08-25 00:00:00.000,,0,7,0
455,12,2021-08-25 00:00:00.000,,0,7,0
456,12,2021-08-25 00:00:00.000,,0,7,0
457,12,2021-08-25 00:00:00.000,,0,7,0
458,12,2021-08-25 00:00:00.000,,-1,7,0
459,12,2021-08-25 00:00:00.000,,0,7,0
460,12,2021-08-25 00:00:00.000,,0,7,0
461,12,2021-08-25 00:00:00.000,,0,7,0
462,12,2021-08-25 00:00:00.000,,-1,7,0
463,12,2021-08-25 00:00:00.000,,0,7,0
464,12,2021-08-25 00:00:00.000,,0,7,0
465,12,2021-08-25 00:00:00.000,,0,7,0
466,12,2021-08-25 00:00:00.000,,0,7,0
467,12,2021-08-25 00:00:00.000,,-1,7,0
468,12,2021-08-25 00:00:00.000,,0,7,0
469,12,2021-08-25 00:00:00.000,,0,7,0
470,12,2021-08-25 00:00:00.000,,0,7,0
471,12,2021-08-25 00:00:00.000,,0,7,0
472,12,2021-08-25 00:00:00.000,,0,7,0
473,12,2021-08-25 00:00:00.000,,0,7,0
474,12,2021-08-25 00:00:00.000,,0,7,0
475,12,2021-08-25 00:00:00.000,,0,7,0
476,12,2021-08-25 00:00:00.000,,0,7,0
477,12,2021-08-25 00:00:00.000,,0,7,0
478,12,2021-08-25 00:00:00.000,,0,7,0
479,12,2021-08-25 00:00:00.000,,0,7,0
480,12,2021-08-25 00:00:00.000,,0,7,0
481,12,2021-08-25 00:00:00.000,,0,7,0
482,12,2021-08-25 00:00:00.000,,0,7,0
483,12,2021-08-25 00:00:00.000,,-1,1,0
484,12,2021-08-25 00:00:00.000,,-1,7,0
485,12,2021-08-25 00:00:00.000,,0,7,0
486,12,2021-08-25 00:00:00.000,,0,7,0
487,12,2021-08-25 00:00:00.000,,0,7,0
488,12,2021-08-25 00:00:00.000,,0,7,0
489,12,2021-08-25 00:00:00.000,,0,7,0
490,12,2021-08-25 00:00:00.000,,0,7,0
491,12,2021-08-25 00:00:00.000,,0,7,0
492,12,2021-08-25 00:00:00.000,,0,7,0
493,12,2021-08-25 00:00:00.000,,0,7,0
494,12,2021-08-25 00:00:00.000,,0,7,0
496,12,2021-08-25 00:00:00.000,,0,7,0
497,12,2021-08-25 00:00:00.000,,0,7,0
498,12,2021-08-25 00:00:00.000,,0,7,0
499,12,2021-08-25 00:00:00.000,,0,7,0
500,12,2021-08-25 00:00:00.000,,0,7,0
501,12,2021-08-25 00:00:00.000,,0,7,0
502,12,2021-08-25 00:00:00.000,,0,7,0
503,12,2021-08-25 00:00:00.000,,0,7,0
504,12,2021-08-25 00:00:00.000,,0,7,0
505,12,2021-08-25 00:00:00.000,,0,7,0
506,12,2021-08-25 00:00:00.000,,0,7,0
507,12,2021-08-25 00:00:00.000,,0,7,0
508,12,2021-08-25 00:00:00.000,,-1,7,0
509,12,2021-08-25 00:00:00.000,,0,7,0
510,12,2021-08-25 00:00:00.000,,-1,7,0
511,12,2021-08-25 00:00:00.000,,0,7,0
512,12,2021-08-25 00:00:00.000,,0,7,0
513,12,2021-08-25 00:00:00.000,,0,7,0
514,12,2021-08-25 00:00:00.000,,0,7,0
515,12,2021-08-25 00:00:00.000,,-1,7,0
516,12,2021-08-25 00:00:00.000,,-1,7,0
517,12,2021-08-25 00:00:00.000,,0,7,0
518,12,2021-08-25 00:00:00.000,,0,7,0
519,12,2021-08-25 00:00:00.000,,0,7,0
520,12,2021-08-25 00:00:00.000,,0,7,0
521,12,2021-08-25 00:00:00.000,,0,7,0
522,13,2021-08-25 00:00:00.000,,-1,7,0
523,13,2021-08-25 00:00:00.000,,0,7,0
524,13,2021-08-25 00:00:00.000,,0,7,0
525,13,2021-08-25 00:00:00.000,,0,7,0
526,13,2021-08-25 00:00:00.000,,-1,7,0
527,13,2021-08-25 00:00:00.000,,0,7,0
528,13,2021-08-25 00:00:00.000,,-1,7,0
529,13,2021-08-25 00:00:00.000,,0,7,0
530,13,2021-08-25 00:00:00.000,,0,7,0
531,13,2021-08-25 00:00:00.000,,0,7,0
532,13,2021-08-25 00:00:00.000,,0,7,0
533,13,2021-08-25 00:00:00.000,,-1,7,0
534,13,2021-08-25 00:00:00.000,,0,7,0
535,13,2021-08-25 00:00:00.000,,0,7,0
536,13,2021-08-25 00:00:00.000,,0,7,0
537,13,2021-08-25 00:00:00.000,,0,7,0
538,13,2021-08-25 00:00:00.000,,-1,7,0
539,13,2021-08-25 00:00:00.000,,0,7,0
540,13,2021-08-25 00:00:00.000,,0,7,0
541,13,2021-08-25 00:00:00.000,,0,7,0
542,13,2021-08-25 00:00:00.000,,0,7,0
543,13,2021-08-25 00:00:00.000,,0,7,0
544,13,2021-08-25 00:00:00.000,,0,7,0
545,13,2021-08-25 00:00:00.000,,0,7,0
546,13,2021-08-25 00:00:00.000,,0,7,0
547,13,2021-08-25 00:00:00.000,,-1,7,0
548,13,2021-08-25 00:00:00.000,,0,7,0
549,13,2021-08-25 00:00:00.000,,0,7,0
550,13,2021-08-25 00:00:00.000,,0,7,0
551,13,2021-08-25 00:00:00.000,,0,7,0
552,13,2021-08-25 00:00:00.000,,0,7,0
553,13,2021-08-25 00:00:00.000,,0,7,0
554,13,2021-08-25 00:00:00.000,,0,7,0
555,13,2021-08-25 00:00:00.000,,0,7,0
556,13,2021-08-25 00:00:00.000,,0,7,0
557,13,2021-08-25 00:00:00.000,,0,7,0
558,13,2021-08-25 00:00:00.000,,0,7,0
559,13,2021-08-25 00:00:00.000,,0,7,0
560,13,2021-08-25 00:00:00.000,,0,7,0
561,13,2021-08-25 00:00:00.000,,0,7,0
562,13,2021-08-25 00:00:00.000,,0,7,0
564,13,2021-08-25 00:00:00.000,,0,7,0
565,13,2021-08-25 00:00:00.000,,0,7,0
566,13,2021-08-25 00:00:00.000,,0,7,0
567,13,2021-08-25 00:00:00.000,,0,7,0
568,13,2021-08-25 00:00:00.000,,0,7,0
570,13,2021-08-25 00:00:00.000,,0,7,0
571,13,2021-08-25 00:00:00.000,,-1,7,0
572,13,2021-08-25 00:00:00.000,,0,7,0
573,13,2021-08-25 00:00:00.000,,0,7,0
574,13,2021-08-25 00:00:00.000,,0,7,0
575,13,2021-08-25 00:00:00.000,,0,7,0
576,13,2021-08-25 00:00:00.000,,0,7,0
577,13,2021-08-25 00:00:00.000,,0,7,0
578,13,2021-08-25 00:00:00.000,,-1,7,0
579,13,2021-08-25 00:00:00.000,,0,7,0
580,13,2021-08-25 00:00:00.000,,0,7,0
581,13,2021-08-25 00:00:00.000,,-1,1,0
582,13,2021-08-25 00:00:00.000,,0,7,0
583,13,2021-08-25 00:00:00.000,,0,7,0
584,13,2021-08-25 00:00:00.000,,0,7,0
585,13,2021-08-25 00:00:00.000,,0,7,0
586,13,2021-08-25 00:00:00.000,,0,7,0
587,13,2021-08-25 00:00:00.000,,0,7,0
588,13,2021-08-25 00:00:00.000,,0,7,0
590,13,2021-08-25 00:00:00.000,,-1,1,0
591,13,2021-08-25 00:00:00.000,,0,7,0
592,13,2021-08-25 00:00:00.000,,0,7,0
593,13,2021-08-25 00:00:00.000,,0,7,0
594,13,2021-08-25 00:00:00.000,,0,7,0
596,13,2021-08-25 00:00:00.000,,0,7,0
598,13,2021-08-25 00:00:00.000,,0,7,0
599,13,2021-08-25 00:00:00.000,,0,7,0
600,13,2021-08-25 00:00:00.000,,0,7,0
601,13,2021-08-25 00:00:00.000,,0,7,0
602,13,2021-08-25 00:00:00.000,,0,7,0
603,13,2021-08-25 00:00:00.000,,0,7,0
604,13,2021-08-25 00:00:00.000,,0,7,0
609,14,2021-08-25 00:00:00.000,,0,7,0
610,14,2021-08-25 00:00:00.000,,0,7,0
611,14,2021-08-25 00:00:00.000,,0,7,0
612,14,2021-08-25 00:00:00.000,,0,7,0
613,14,2021-08-25 00:00:00.000,,0,7,0
614,14,2021-08-25 00:00:00.000,,0,7,0
615,14,2021-08-25 00:00:00.000,,0,7,0
616,14,2021-08-25 00:00:00.000,,0,7,0
617,14,2021-08-25 00:00:00.000,,0,7,0
618,14,2021-08-25 00:00:00.000,,0,7,0
619,14,2021-08-25 00:00:00.000,,0,7,0
620,14,2021-08-25 00:00:00.000,,0,7,0
621,14,2021-08-25 00:00:00.000,,0,7,0
622,14,2021-08-25 00:00:00.000,,0,7,0
623,14,2021-08-25 00:00:00.000,,0,7,0
625,14,2021-08-25 00:00:00.000,,0,7,0
626,14,2021-08-25 00:00:00.000,,-1,7,0
627,14,2021-08-25 00:00:00.000,,-1,7,0
628,14,2021-08-25 00:00:00.000,,0,7,0
629,14,2021-08-25 00:00:00.000,,0,7,0
630,14,2021-08-25 00:00:00.000,,0,7,0
631,14,2021-08-25 00:00:00.000,,-1,7,0
632,14,2021-08-25 00:00:00.000,,0,7,0
633,14,2021-08-25 00:00:00.000,,-1,7,0
634,14,2021-08-25 00:00:00.000,,-1,7,0
635,14,2021-08-25 00:00:00.000,,0,7,0
636,14,2021-08-25 00:00:00.000,,0,7,0
637,14,2021-08-25 00:00:00.000,,0,7,0
638,14,2021-08-25 00:00:00.000,,0,7,0
639,14,2021-08-25 00:00:00.000,,0,7,0
640,14,2021-08-25 00:00:00.000,,0,7,0
641,14,2021-08-25 00:00:00.000,,0,7,0
642,14,2021-08-25 00:00:00.000,,0,7,0
643,14,2021-08-25 00:00:00.000,,0,7,0
644,14,2021-08-25 00:00:00.000,,0,7,0
645,14,2021-08-25 00:00:00.000,,0,7,0
646,14,2021-08-25 00:00:00.000,,0,7,0
647,14,2021-08-25 00:00:00.000,,0,7,0
648,14,2021-08-25 00:00:00.000,,0,5,0
649,14,2021-08-25 00:00:00.000,,0,7,0
650,14,2021-08-25 00:00:00.000,,0,5,0
651,14,2021-08-25 00:00:00.000,,0,7,0
652,14,2021-08-25 00:00:00.000,,0,7,0
653,14,2021-08-25 00:00:00.000,,0,7,0
654,14,2021-08-25 00:00:00.000,,0,7,0
655,14,2021-08-25 00:00:00.000,,0,7,0
656,14,2021-08-25 00:00:00.000,,0,7,0
657,14,2021-08-25 00:00:00.000,,0,7,0
658,14,2021-08-25 00:00:00.000,,0,7,0
659,14,2021-08-25 00:00:00.000,,0,7,0
660,14,2021-08-25 00:00:00.000,,0,7,0
661,14,2021-08-25 00:00:00.000,,0,7,0
662,14,2021-08-25 00:00:00.000,,0,7,0
663,14,2021-08-25 00:00:00.000,,-1,7,0
664,14,2021-08-25 00:00:00.000,,0,7,0
665,14,2021-08-25 00:00:00.000,,-1,7,0
666,14,2021-08-25 00:00:00.000,,0,7,0
667,14,2021-08-25 00:00:00.000,,0,7,0
668,14,2021-08-25 00:00:00.000,,0,7,0
669,14,2021-08-25 00:00:00.000,,0,7,0
670,14,2021-08-25 00:00:00.000,,0,7,0
671,14,2021-08-25 00:00:00.000,,0,7,0
672,14,2021-08-25 00:00:00.000,,-1,7,0
673,14,2021-08-25 00:00:00.000,,0,7,0
674,14,2021-08-25 00:00:00.000,,0,7,0
675,14,2021-08-25 00:00:00.000,,0,7,0
676,14,2021-08-25 00:00:00.000,,0,7,0
760,20,2021-08-25 00:00:00.000,,0,7,0
761,20,2021-08-25 00:00:00.000,,0,7,0
762,20,2021-08-25 00:00:00.000,,-1,7,0
763,20,2021-08-25 00:00:00.000,,0,7,0
764,20,2021-08-25 00:00:00.000,,0,7,0
765,20,2021-08-25 00:00:00.000,,0,7,0
766,20,2021-08-25 00:00:00.000,,0,7,0
767,20,2021-08-25 00:00:00.000,,0,7,0
768,20,2021-08-25 00:00:00.000,,0,7,0
769,20,2021-08-25 00:00:00.000,,0,7,0
770,20,2021-08-25 00:00:00.000,,-1,7,0
771,20,2021-08-25 00:00:00.000,,0,7,0
772,20,2021-08-25 00:00:00.000,,0,7,0
773,20,2021-08-25 00:00:00.000,,0,7,0
774,20,2021-08-25 00:00:00.000,,0,7,0
775,20,2021-08-25 00:00:00.000,,0,7,0
776,20,2021-08-25 00:00:00.000,,-1,7,0
777,20,2021-08-25 00:00:00.000,,0,7,0
778,20,2021-08-25 00:00:00.000,,0,7,0
779,20,2021-08-25 00:00:00.000,,-1,7,0
780,20,2021-08-25 00:00:00.000,,0,7,0
781,20,2021-08-25 00:00:00.000,,0,7,0
782,20,2021-08-25 00:00:00.000,,0,7,0
783,20,2021-08-25 00:00:00.000,,-1,7,0
784,20,2021-08-25 00:00:00.000,,-1,7,0
785,20,2021-08-25 00:00:00.000,,0,7,0
786,20,2021-08-25 00:00:00.000,,0,7,0
787,20,2021-08-25 00:00:00.000,,0,7,0
788,20,2021-08-25 00:00:00.000,,-1,7,0
789,20,2021-08-25 00:00:00.000,,0,7,0
790,20,2021-08-25 00:00:00.000,,0,7,0
791,20,2021-08-25 00:00:00.000,,-1,7,0
792,20,2021-08-25 00:00:00.000,,0,7,0
793,20,2021-08-25 00:00:00.000,,0,7,0
794,20,2021-08-25 00:00:00.000,,0,7,0
795,20,2021-08-25 00:00:00.000,,0,7,0
796,20,2021-08-25 00:00:00.000,,0,7,0
797,20,2021-08-25 00:00:00.000,,0,7,0
798,20,2021-08-25 00:00:00.000,,-1,7,0
799,20,2021-08-25 00:00:00.000,,0,7,0
800,20,2021-08-25 00:00:00.000,,0,7,0
801,20,2021-08-25 00:00:00.000,,-1,7,0
802,20,2021-08-25 00:00:00.000,,0,7,0
803,20,2021-08-25 00:00:00.000,,0,7,0
804,20,2021-08-25 00:00:00.000,,0,7,0
805,20,2021-08-25 00:00:00.000,,0,7,0
806,20,2021-08-25 00:00:00.000,,0,7,0
807,20,2021-08-25 00:00:00.000,,0,7,0
808,20,2021-08-25 00:00:00.000,,-1,7,0
809,20,2021-08-25 00:00:00.000,,0,7,0
810,20,2021-08-25 00:00:00.000,,0,7,0
811,20,2021-08-25 00:00:00.000,,-1,7,0
812,20,2021-08-25 00:00:00.000,,0,7,0
813,20,2021-08-25 00:00:00.000,,0,7,0
814,20,2021-08-25 00:00:00.000,,0,7,0
815,20,2021-08-25 00:00:00.000,,0,7,0
816,20,2021-08-25 00:00:00.000,,0,7,0
817,20,2021-08-25 00:00:00.000,,0,7,0
818,20,2021-08-25 00:00:00.000,,0,7,0
819,20,2021-08-25 00:00:00.000,,-1,7,0
820,20,2021-08-25 00:00:00.000,,0,7,0
821,20,2021-08-25 00:00:00.000,,-1,7,0
822,20,2021-08-25 00:00:00.000,,-1,7,0
823,20,2021-08-25 00:00:00.000,,0,7,0
824,20,2021-08-25 00:00:00.000,,0,7,0
825,20,2021-08-25 00:00:00.000,,0,7,0
826,20,2021-08-25 00:00:00.000,,0,7,0
827,20,2021-08-25 00:00:00.000,,0,7,0
828,20,2021-08-25 00:00:00.000,,0,7,0
829,21,2021-08-25 00:00:00.000,,0,7,0
830,21,2021-08-25 00:00:00.000,,0,7,0
831,21,2021-08-25 00:00:00.000,,-1,7,0
832,21,2021-08-25 00:00:00.000,,0,7,0
833,21,2021-08-25 00:00:00.000,,0,7,0
834,21,2021-08-25 00:00:00.000,,0,7,0
835,21,2021-08-25 00:00:00.000,,0,7,0
836,21,2021-08-25 00:00:00.000,,0,7,0
837,21,2021-08-25 00:00:00.000,,0,7,0
838,21,2021-08-25 00:00:00.000,,0,7,0
839,21,2021-08-25 00:00:00.000,,0,7,0
840,21,2021-08-25 00:00:00.000,,0,7,0
841,21,2021-08-25 00:00:00.000,,0,7,0
842,21,2021-08-25 00:00:00.000,,0,7,0
843,21,2021-08-25 00:00:00.000,,0,7,0
844,21,2021-08-25 00:00:00.000,,0,7,0
845,21,2021-08-25 00:00:00.000,,-1,7,0
846,21,2021-08-25 00:00:00.000,,0,7,0
847,21,2021-08-25 00:00:00.000,,0,7,0
848,21,2021-08-25 00:00:00.000,,0,7,0
849,21,2021-08-25 00:00:00.000,,0,7,0
850,21,2021-08-25 00:00:00.000,,0,7,0
851,21,2021-08-25 00:00:00.000,,0,7,0
852,21,2021-08-25 00:00:00.000,,0,7,0
853,21,2021-08-25 00:00:00.000,,0,7,0
854,21,2021-08-25 00:00:00.000,,0,7,0
855,21,2021-08-25 00:00:00.000,,0,7,0
856,21,2021-08-25 00:00:00.000,,0,7,0
857,21,2021-08-25 00:00:00.000,,0,7,0
858,21,2021-08-25 00:00:00.000,,0,7,0
859,21,2021-08-25 00:00:00.000,,0,7,0
860,21,2021-08-25 00:00:00.000,,0,7,0
861,21,2021-08-25 00:00:00.000,,0,7,0
862,21,2021-08-25 00:00:00.000,,0,7,0
863,21,2021-08-25 00:00:00.000,,0,7,0
864,21,2021-08-25 00:00:00.000,,0,7,0
865,21,2021-08-25 00:00:00.000,,0,7,0
866,21,2021-08-25 00:00:00.000,,0,7,0
867,21,2021-08-25 00:00:00.000,,0,7,0
868,21,2021-08-25 00:00:00.000,,0,7,0
869,21,2021-08-25 00:00:00.000,,0,7,0
870,21,2021-08-25 00:00:00.000,,0,7,0
871,21,2021-08-25 00:00:00.000,,0,7,0
872,21,2021-08-25 00:00:00.000,,-1,7,0
873,21,2021-08-25 00:00:00.000,,0,7,0
874,21,2021-08-25 00:00:00.000,,-1,7,0
875,21,2021-08-25 00:00:00.000,,0,7,0
876,21,2021-08-25 00:00:00.000,,-1,7,0
877,21,2021-08-25 00:00:00.000,,0,7,0
878,21,2021-08-25 00:00:00.000,,0,7,0
879,21,2021-08-25 00:00:00.000,,0,7,0
880,21,2021-08-25 00:00:00.000,,0,7,0
881,21,2021-08-25 00:00:00.000,,0,7,0
882,21,2021-08-25 00:00:00.000,,0,7,0
883,21,2021-08-25 00:00:00.000,,0,7,0
884,21,2021-08-25 00:00:00.000,,0,7,0
885,21,2021-08-25 00:00:00.000,,0,7,0
886,21,2021-08-25 00:00:00.000,,0,7,0
887,21,2021-08-25 00:00:00.000,,0,7,0
888,21,2021-08-25 00:00:00.000,,0,7,0
889,21,2021-08-25 00:00:00.000,,-1,7,0
890,21,2021-08-25 00:00:00.000,,0,7,0
891,21,2021-08-25 00:00:00.000,,-1,7,0
892,21,2021-08-25 00:00:00.000,,0,7,0
893,21,2021-08-25 00:00:00.000,,0,7,0
894,21,2021-08-25 00:00:00.000,,0,7,0
895,21,2021-08-25 00:00:00.000,,-1,7,0
896,21,2021-08-25 00:00:00.000,,-1,7,0
897,21,2021-08-25 00:00:00.000,,0,7,0
898,21,2021-08-25 00:00:00.000,,0,7,0
899,21,2021-08-25 00:00:00.000,,0,7,0
900,21,2021-08-25 00:00:00.000,,0,7,0
901,21,2021-08-25 00:00:00.000,,0,7,0
902,21,2021-08-25 00:00:00.000,,0,7,0
903,21,2021-08-25 00:00:00.000,,0,7,0
904,21,2021-08-25 00:00:00.000,,0,7,0
905,21,2021-08-25 00:00:00.000,,0,7,0
906,21,2021-08-25 00:00:00.000,,0,7,0
907,21,2021-08-25 00:00:00.000,,0,7,0
908,21,2021-08-25 00:00:00.000,,0,7,0
909,21,2021-08-25 00:00:00.000,,0,7,0
910,21,2021-08-25 00:00:00.000,,0,7,0
911,21,2021-08-25 00:00:00.000,,0,7,0
912,21,2021-08-25 00:00:00.000,,-1,7,0
913,21,2021-08-25 00:00:00.000,,0,7,0
914,18,2021-08-25 00:00:00.000,,-1,7,0
915,18,2021-08-25 00:00:00.000,,0,7,0
916,18,2021-08-25 00:00:00.000,,0,7,0
917,18,2021-08-25 00:00:00.000,,0,7,0
918,18,2021-08-25 00:00:00.000,,0,7,0
919,18,2021-08-25 00:00:00.000,,0,7,0
920,18,2021-08-25 00:00:00.000,,0,7,0
921,18,2021-08-25 00:00:00.000,,0,7,0
922,18,2021-08-25 00:00:00.000,,0,7,0
923,22,2021-08-25 00:00:00.000,,0,7,0
924,22,2021-08-25 00:00:00.000,,0,7,0
925,22,2021-08-25 00:00:00.000,,0,7,0
926,22,2021-08-25 00:00:00.000,,0,7,0
927,22,2021-08-25 00:00:00.000,,0,7,0
928,22,2021-08-25 00:00:00.000,,0,7,0
929,22,2021-08-25 00:00:00.000,,0,7,0
930,22,2021-08-25 00:00:00.000,,0,7,0
931,22,2021-08-25 00:00:00.000,,0,7,0
932,22,2021-08-25 00:00:00.000,,0,7,0
933,22,2021-08-25 00:00:00.000,,0,7,0
934,22,2021-08-25 00:00:00.000,,0,7,0
935,22,2021-08-25 00:00:00.000,,0,7,0
936,22,2021-08-25 00:00:00.000,,0,7,0
937,22,2021-08-25 00:00:00.000,,0,7,0
938,22,2021-08-25 00:00:00.000,,0,7,0
939,22,2021-08-25 00:00:00.000,,0,7,0
940,22,2021-08-25 00:00:00.000,,0,7,0
941,22,2021-08-25 00:00:00.000,,0,7,0
942,22,2021-08-25 00:00:00.000,,0,7,0
943,22,2021-08-25 00:00:00.000,,0,7,0
944,22,2021-08-25 00:00:00.000,,0,7,0
945,22,2021-08-25 00:00:00.000,,0,7,0
946,22,2021-08-25 00:00:00.000,,0,7,0
947,22,2021-08-25 00:00:00.000,,0,7,0
948,22,2021-08-25 00:00:00.000,,0,7,0
949,22,2021-08-25 00:00:00.000,,0,7,0
950,22,2021-08-25 00:00:00.000,,-1,7,0
951,22,2021-08-25 00:00:00.000,,0,7,0
952,22,2021-08-25 00:00:00.000,,0,7,0
953,22,2021-08-25 00:00:00.000,,-1,7,0
954,22,2021-08-25 00:00:00.000,,0,7,0
955,22,2021-08-25 00:00:00.000,,-1,7,0
956,22,2021-08-25 00:00:00.000,,0,7,0
957,22,2021-08-25 00:00:00.000,,0,7,0
958,22,2021-08-25 00:00:00.000,,0,7,0
959,22,2021-08-25 00:00:00.000,,-1,7,0
960,22,2021-08-25 00:00:00.000,,0,7,0
961,22,2021-08-25 00:00:00.000,,0,7,0
962,22,2021-08-25 00:00:00.000,,0,7,0
963,22,2021-08-25 00:00:00.000,,0,7,0
964,22,2021-08-25 00:00:00.000,,0,7,0
965,22,2021-08-25 00:00:00.000,,0,7,0
966,22,2021-08-25 00:00:00.000,,0,7,0
967,22,2021-08-25 00:00:00.000,,0,7,0
968,22,2021-08-25 00:00:00.000,,0,7,0
969,22,2021-08-25 00:00:00.000,,0,7,0
970,22,2021-08-25 00:00:00.000,,0,7,0
971,22,2021-08-25 00:00:00.000,,0,7,0
972,22,2021-08-25 00:00:00.000,,0,7,0
973,22,2021-08-25 00:00:00.000,,0,7,0
974,22,2021-08-25 00:00:00.000,,0,7,0
975,22,2021-08-25 00:00:00.000,,0,7,0
976,22,2021-08-25 00:00:00.000,,0,7,0
977,22,2021-08-25 00:00:00.000,,0,7,0
978,22,2021-08-25 00:00:00.000,,0,7,0
979,22,2021-08-25 00:00:00.000,,0,7,0
980,22,2021-08-25 00:00:00.000,,0,7,0
981,22,2021-08-25 00:00:00.000,,0,7,0
982,22,2021-08-25 00:00:00.000,,0,7,0
983,22,2021-08-25 00:00:00.000,,0,7,0
984,22,2021-08-25 00:00:00.000,,0,7,0
985,22,2021-08-25 00:00:00.000,,0,7,0
986,19,2021-08-25 00:00:00.000,,0,7,0
987,19,2021-08-25 00:00:00.000,,0,7,0
988,19,2021-08-25 00:00:00.000,,0,7,0
989,19,2021-08-25 00:00:00.000,,0,7,0
990,19,2021-08-25 00:00:00.000,,0,7,0
991,19,2021-08-25 00:00:00.000,,0,7,0
992,19,2021-08-25 00:00:00.000,,0,7,0
993,19,2021-08-25 00:00:00.000,,0,7,0
994,19,2021-08-25 00:00:00.000,,0,7,0
995,19,2021-08-25 00:00:00.000,,0,7,0
996,19,2021-08-25 00:00:00.000,,-1,7,0
997,19,2021-08-25 00:00:00.000,,0,7,0
998,19,2021-08-25 00:00:00.000,,-1,7,0
999,19,2021-08-25 00:00:00.000,,0,7,0
1000,19,2021-08-25 00:00:00.000,,0,7,0
1001,19,2021-08-25 00:00:00.000,,0,7,0
1002,19,2021-08-25 00:00:00.000,,0,7,0
1003,19,2021-08-25 00:00:00.000,,0,7,0
1004,19,2021-08-25 00:00:00.000,,0,7,0
1005,19,2021-08-25 00:00:00.000,,0,7,0
1006,19,2021-08-25 00:00:00.000,,-1,7,0
1007,19,2021-08-25 00:00:00.000,,0,7,0
1008,19,2021-08-25 00:00:00.000,,0,7,0
1009,19,2021-08-25 00:00:00.000,,-1,7,0
1010,19,2021-08-25 00:00:00.000,,0,7,0
1011,19,2021-08-25 00:00:00.000,,0,7,0
1012,19,2021-08-25 00:00:00.000,,0,7,0
1013,19,2021-08-25 00:00:00.000,,-1,7,0
1014,19,2021-08-25 00:00:00.000,,0,7,0
1015,19,2021-08-25 00:00:00.000,,0,7,0
1016,19,2021-08-25 00:00:00.000,,-1,7,0
1017,19,2021-08-25 00:00:00.000,,-1,7,0
1018,19,2021-08-25 00:00:00.000,,0,7,0
1019,19,2021-08-25 00:00:00.000,,0,7,0
1020,19,2021-08-25 00:00:00.000,,0,7,0
1021,19,2021-08-25 00:00:00.000,,0,7,0
1022,19,2021-08-25 00:00:00.000,,0,7,0
1023,19,2021-08-25 00:00:00.000,,0,7,0
1024,19,2021-08-25 00:00:00.000,,0,7,0
1025,19,2021-08-25 00:00:00.000,,0,7,0
1026,19,2021-08-25 00:00:00.000,,0,7,0
1027,19,2021-08-25 00:00:00.000,,0,7,0
1028,19,2021-08-25 00:00:00.000,,0,7,0
1029,19,2021-08-25 00:00:00.000,,-1,7,0
1030,19,2021-08-25 00:00:00.000,,0,7,0
1031,19,2021-08-25 00:00:00.000,,0,7,0
1032,19,2021-08-25 00:00:00.000,,0,7,0
1033,19,2021-08-25 00:00:00.000,,-1,1,0
1034,19,2021-08-25 00:00:00.000,,-1,7,0
1035,19,2021-08-25 00:00:00.000,,0,7,0
1036,19,2021-08-25 00:00:00.000,,0,7,0
1037,19,2021-08-25 00:00:00.000,,0,7,0
1038,19,2021-08-25 00:00:00.000,,0,7,0
1039,19,2021-08-25 00:00:00.000,,0,7,0
1040,19,2021-08-25 00:00:00.000,,0,7,0
1041,19,2021-08-25 00:00:00.000,,0,7,0
1042,19,2021-08-25 00:00:00.000,,0,7,0
1043,19,2021-08-25 00:00:00.000,,-1,1,0
1044,19,2021-08-25 00:00:00.000,,-1,7,0
1045,19,2021-08-25 00:00:00.000,,-1,7,0
1046,19,2021-08-25 00:00:00.000,,0,7,0
1047,19,2021-08-25 00:00:00.000,,0,7,0
1048,19,2021-08-25 00:00:00.000,,0,7,0
1049,19,2021-08-25 00:00:00.000,,0,7,0
1050,19,2021-08-25 00:00:00.000,,0,7,0
1051,19,2021-08-25 00:00:00.000,,0,7,0
1052,19,2021-08-25 00:00:00.000,,0,7,0
1053,19,2021-08-25 00:00:00.000,,0,7,0
1054,19,2021-08-25 00:00:00.000,,0,7,0
1055,19,2021-08-25 00:00:00.000,,0,7,0
1056,19,2021-08-25 00:00:00.000,,0,7,0
1057,19,2021-08-25 00:00:00.000,,0,7,0
1058,19,2021-08-25 00:00:00.000,,0,7,0
1059,19,2021-08-25 00:00:00.000,,0,7,0
1060,19,2021-08-25 00:00:00.000,,0,7,0
1061,19,2021-08-25 00:00:00.000,,0,7,0
1062,19,2021-08-25 00:00:00.000,,0,7,0
1063,19,2021-08-25 00:00:00.000,,0,7,0
1064,19,2021-08-25 00:00:00.000,,0,7,0
1065,19,2021-08-25 00:00:00.000,,0,7,0
1066,19,2021-08-25 00:00:00.000,,-1,1,0
1067,19,2021-08-25 00:00:00.000,,0,7,0
1068,19,2021-08-25 00:00:00.000,,-1,7,0
1069,19,2021-08-25 00:00:00.000,,0,7,0
1070,19,2021-08-25 00:00:00.000,,0,7,0
1071,19,2021-08-25 00:00:00.000,,0,7,0
1072,19,2021-08-25 00:00:00.000,,-1,1,0
1073,28,2021-08-25 00:00:00.000,,0,7,0
1074,28,2021-08-25 00:00:00.000,,0,7,0
1075,28,2021-08-25 00:00:00.000,,0,7,0
1076,28,2021-08-25 00:00:00.000,,0,7,0
1077,28,2021-08-25 00:00:00.000,,0,7,0
1078,28,2021-08-25 00:00:00.000,,-1,7,0
1079,28,2021-08-25 00:00:00.000,,-1,7,0
1080,28,2021-08-25 00:00:00.000,,-1,7,0
1081,28,2021-08-25 00:00:00.000,,0,7,0
1082,28,2021-08-25 00:00:00.000,,0,7,0
1083,28,2021-08-25 00:00:00.000,,0,7,0
1084,28,2021-08-25 00:00:00.000,,0,7,0
1085,28,2021-08-25 00:00:00.000,,0,7,0
1086,28,2021-08-25 00:00:00.000,,-1,7,0
1087,28,2021-08-25 00:00:00.000,,0,7,0
1088,28,2021-08-25 00:00:00.000,,-1,7,0
1089,28,2021-08-25 00:00:00.000,,0,7,0
1090,28,2021-08-25 00:00:00.000,,0,7,0
1091,28,2021-08-25 00:00:00.000,,0,7,0
1092,28,2021-08-25 00:00:00.000,,0,7,0
1093,28,2021-08-25 00:00:00.000,,-1,1,0
1094,28,2021-08-25 00:00:00.000,,0,7,0
1095,28,2021-08-25 00:00:00.000,,0,7,0
1096,28,2021-08-25 00:00:00.000,,0,7,0
1097,28,2021-08-25 00:00:00.000,,0,7,0
1098,28,2021-08-25 00:00:00.000,,0,7,0
1099,28,2021-08-25 00:00:00.000,,0,7,0
1100,28,2021-08-25 00:00:00.000,,0,7,0
1101,28,2021-08-25 00:00:00.000,,-1,7,0
1102,28,2021-08-25 00:00:00.000,,0,7,0
1103,28,2021-08-25 00:00:00.000,,0,7,0
1104,28,2021-08-25 00:00:00.000,,0,7,0
1105,28,2021-08-25 00:00:00.000,,0,7,0
1106,28,2021-08-25 00:00:00.000,,0,7,0
1107,28,2021-08-25 00:00:00.000,,0,7,0
1108,28,2021-08-25 00:00:00.000,,0,7,0
1109,28,2021-08-25 00:00:00.000,,0,7,0
1110,28,2021-08-25 00:00:00.000,,-1,7,0
1111,28,2021-08-25 00:00:00.000,,0,7,0
1112,28,2021-08-25 00:00:00.000,,0,7,0
1113,28,2021-08-25 00:00:00.000,,0,7,0
1114,28,2021-08-25 00:00:00.000,,0,7,0
1115,28,2021-08-25 00:00:00.000,,0,7,0
1116,28,2021-08-25 00:00:00.000,,0,7,0
1117,28,2021-08-25 00:00:00.000,,0,7,0
1118,28,2021-08-25 00:00:00.000,,0,7,0
1119,28,2021-08-25 00:00:00.000,,0,7,0
1120,28,2021-08-25 00:00:00.000,,-1,7,0
1121,28,2021-08-25 00:00:00.000,,0,7,0
1122,28,2021-08-25 00:00:00.000,,0,7,0
1123,28,2021-08-25 00:00:00.000,,0,7,0
1124,28,2021-08-25 00:00:00.000,,0,7,0
1125,28,2021-08-25 00:00:00.000,,0,7,0
1126,28,2021-08-25 00:00:00.000,,0,7,0
1127,28,2021-08-25 00:00:00.000,,0,7,0
1128,28,2021-08-25 00:00:00.000,,0,7,0
1129,28,2021-08-25 00:00:00.000,,0,7,0
1130,28,2021-08-25 00:00:00.000,,0,7,0
1131,28,2021-08-25 00:00:00.000,,0,7,0
1132,28,2021-08-25 00:00:00.000,,-1,7,0
1133,28,2021-08-25 00:00:00.000,,0,7,0
1134,28,2021-08-25 00:00:00.000,,0,7,0
1135,28,2021-08-25 00:00:00.000,,0,7,0
1136,28,2021-08-25 00:00:00.000,,0,7,0
1137,28,2021-08-25 00:00:00.000,,0,7,0
1138,28,2021-08-25 00:00:00.000,,0,7,0
1139,28,2021-08-25 00:00:00.000,,0,7,0
1140,28,2021-08-25 00:00:00.000,,0,7,0
1141,28,2021-08-25 00:00:00.000,,0,7,0
1142,28,2021-08-25 00:00:00.000,,0,7,0
1143,28,2021-08-25 00:00:00.000,,0,7,0
1144,28,2021-08-25 00:00:00.000,,0,7,0
1145,28,2021-08-25 00:00:00.000,,-1,7,0
1146,28,2021-08-25 00:00:00.000,,0,7,0
1148,29,2021-08-25 00:00:00.000,,0,7,0
1149,29,2021-08-25 00:00:00.000,,0,7,0
1150,29,2021-08-25 00:00:00.000,,0,7,0
1151,29,2021-08-25 00:00:00.000,,0,7,0
1152,29,2021-08-25 00:00:00.000,,0,7,0
1153,29,2021-08-25 00:00:00.000,,0,7,0
1154,29,2021-08-25 00:00:00.000,,0,7,0
1155,29,2021-08-25 00:00:00.000,,0,7,0
1156,29,2021-08-25 00:00:00.000,,0,7,0
1157,29,2021-08-25 00:00:00.000,,0,7,0
1158,29,2021-08-25 00:00:00.000,,0,7,0
1159,29,2021-08-25 00:00:00.000,,0,7,0
1160,29,2021-08-25 00:00:00.000,,0,7,0
1161,29,2021-08-25 00:00:00.000,,0,7,0
1162,29,2021-08-25 00:00:00.000,,0,7,0
1163,29,2021-08-25 00:00:00.000,,0,7,0
1164,29,2021-08-25 00:00:00.000,,0,7,0
1165,29,2021-08-25 00:00:00.000,,0,7,0
1166,29,2021-08-25 00:00:00.000,,0,7,0
1167,29,2021-08-25 00:00:00.000,,0,7,0
1168,29,2021-08-25 00:00:00.000,,0,7,0
1169,29,2021-08-25 00:00:00.000,,0,7,0
1170,29,2021-08-25 00:00:00.000,,0,7,0
1171,29,2021-08-25 00:00:00.000,,0,7,0
1172,29,2021-08-25 00:00:00.000,,0,7,0
1173,29,2021-08-25 00:00:00.000,,0,7,0
1174,29,2021-08-25 00:00:00.000,,0,7,0
1175,29,2021-08-25 00:00:00.000,,0,7,0
1176,29,2021-08-25 00:00:00.000,,0,7,0
1177,29,2021-08-25 00:00:00.000,,0,7,0
1178,29,2021-08-25 00:00:00.000,,0,7,0
1179,29,2021-08-25 00:00:00.000,,0,7,0
1180,29,2021-08-25 00:00:00.000,,0,7,0
1181,29,2021-08-25 00:00:00.000,,0,7,0
1182,29,2021-08-25 00:00:00.000,,0,7,0
1183,29,2021-08-25 00:00:00.000,,0,7,0
1184,29,2021-08-25 00:00:00.000,,0,7,0
1185,29,2021-08-25 00:00:00.000,,-1,7,0
1186,29,2021-08-25 00:00:00.000,,0,7,0
1187,29,2021-08-25 00:00:00.000,,0,7,0
1188,29,2021-08-25 00:00:00.000,,-1,7,0
1189,29,2021-08-25 00:00:00.000,,0,7,0
1190,29,2021-08-25 00:00:00.000,,0,7,0
1191,29,2021-08-25 00:00:00.000,,0,7,0
1192,29,2021-08-25 00:00:00.000,,0,7,0
1193,29,2021-08-25 00:00:00.000,,0,7,0
1194,29,2021-08-25 00:00:00.000,,-1,7,0
1195,29,2021-08-25 00:00:00.000,,0,7,0
1196,29,2021-08-25 00:00:00.000,,0,7,0
1197,29,2021-08-25 00:00:00.000,,0,7,0
1198,29,2021-08-25 00:00:00.000,,0,7,0
1199,29,2021-08-25 00:00:00.000,,0,7,0
1200,29,2021-08-25 00:00:00.000,,0,7,0
1201,29,2021-08-25 00:00:00.000,,0,7,0
1202,29,2021-08-25 00:00:00.000,,0,7,0
1203,29,2021-08-25 00:00:00.000,,0,7,0
1204,29,2021-08-25 00:00:00.000,,0,7,0
1205,29,2021-08-25 00:00:00.000,,0,7,0
1206,29,2021-08-25 00:00:00.000,,0,7,0
1207,29,2021-08-25 00:00:00.000,,0,7,0
1208,29,2021-08-25 00:00:00.000,,0,7,0
1209,29,2021-08-25 00:00:00.000,,0,7,0
1211,29,2021-08-25 00:00:00.000,,0,7,0
1212,29,2021-08-25 00:00:00.000,,-1,7,0
1213,29,2021-08-25 00:00:00.000,,0,7,0
1214,29,2021-08-25 00:00:00.000,,-1,7,0
1215,29,2021-08-25 00:00:00.000,,0,7,0
1216,29,2021-08-25 00:00:00.000,,0,7,0
1217,29,2021-08-25 00:00:00.000,,0,7,0
1218,29,2021-08-25 00:00:00.000,,0,7,0
1219,29,2021-08-25 00:00:00.000,,0,7,0
1220,29,2021-08-25 00:00:00.000,,0,7,0
1221,29,2021-08-25 00:00:00.000,,0,7,0
1222,29,2021-08-25 00:00:00.000,,0,7,0
1223,29,2021-08-25 00:00:00.000,,0,7,0
1224,29,2021-08-25 00:00:00.000,,0,7,0
1225,29,2021-08-25 00:00:00.000,,0,7,0
1226,29,2021-08-25 00:00:00.000,,0,7,0
1227,29,2021-08-25 00:00:00.000,,0,7,0
1228,29,2021-08-25 00:00:00.000,,0,7,0
1229,29,2021-08-25 00:00:00.000,,0,7,0
1230,29,2021-08-25 00:00:00.000,,0,7,0
1231,29,2021-08-25 00:00:00.000,,0,7,0
1232,29,2021-08-25 00:00:00.000,,0,7,0
1233,29,2021-08-25 00:00:00.000,,0,7,0
1234,29,2021-08-25 00:00:00.000,,0,7,0
1235,29,2021-08-25 00:00:00.000,,-1,7,0
1236,29,2021-08-25 00:00:00.000,,0,7,0
1237,29,2021-08-25 00:00:00.000,,-1,7,0
1238,29,2021-08-25 00:00:00.000,,0,7,0
1239,29,2021-08-25 00:00:00.000,,0,7,0
1241,26,2021-08-25 00:00:00.000,,0,7,0
1242,26,2021-08-25 00:00:00.000,,0,7,0
1243,26,2021-08-25 00:00:00.000,,0,7,0
1244,26,2021-08-25 00:00:00.000,,0,7,0
1245,26,2021-08-25 00:00:00.000,,0,7,0
1246,26,2021-08-25 00:00:00.000,,0,7,0
1247,26,2021-08-25 00:00:00.000,,0,7,0
1248,26,2021-08-25 00:00:00.000,,0,7,0
1249,26,2021-08-25 00:00:00.000,,0,7,0
1250,30,2021-08-25 00:00:00.000,,0,7,0
1251,30,2021-08-25 00:00:00.000,,0,7,0
1252,30,2021-08-25 00:00:00.000,,0,7,0
1253,30,2021-08-25 00:00:00.000,,0,7,0
1254,30,2021-08-25 00:00:00.000,,-1,7,0
1255,30,2021-08-25 00:00:00.000,,0,7,0
1256,30,2021-08-25 00:00:00.000,,0,7,0
1257,30,2021-08-25 00:00:00.000,,0,7,0
1258,30,2021-08-25 00:00:00.000,,0,7,0
1259,30,2021-08-25 00:00:00.000,,0,7,0
1260,30,2021-08-25 00:00:00.000,,0,7,0
1261,30,2021-08-25 00:00:00.000,,0,7,0
1262,30,2021-08-25 00:00:00.000,,0,7,0
1263,30,2021-08-25 00:00:00.000,,-1,7,0
1264,30,2021-08-25 00:00:00.000,,0,7,0
1265,30,2021-08-25 00:00:00.000,,0,7,0
1266,30,2021-08-25 00:00:00.000,,-1,7,0
1267,30,2021-08-25 00:00:00.000,,0,7,0
1268,30,2021-08-25 00:00:00.000,,0,7,0
1269,30,2021-08-25 00:00:00.000,,0,7,0
1270,30,2021-08-25 00:00:00.000,,0,7,0
1271,30,2021-08-25 00:00:00.000,,0,7,0
1272,30,2021-08-25 00:00:00.000,,0,7,0
1273,30,2021-08-25 00:00:00.000,,0,7,0
1274,30,2021-08-25 00:00:00.000,,0,7,0
1275,30,2021-08-25 00:00:00.000,,0,7,0
1276,30,2021-08-25 00:00:00.000,,0,7,0
1277,30,2021-08-25 00:00:00.000,,0,7,0
1278,30,2021-08-25 00:00:00.000,,0,7,0
1279,30,2021-08-25 00:00:00.000,,0,7,0
1280,30,2021-08-25 00:00:00.000,,0,7,0
1281,30,2021-08-25 00:00:00.000,,0,7,0
1282,30,2021-08-25 00:00:00.000,,-1,7,0
1283,30,2021-08-25 00:00:00.000,,0,7,0
1284,30,2021-08-25 00:00:00.000,,-1,7,0
1285,30,2021-08-25 00:00:00.000,,0,7,0
1286,30,2021-08-25 00:00:00.000,,0,7,0
1287,30,2021-08-25 00:00:00.000,,0,7,0
1288,30,2021-08-25 00:00:00.000,,-1,7,0
1289,30,2021-08-25 00:00:00.000,,0,7,0
1290,30,2021-08-25 00:00:00.000,,0,7,0
1291,30,2021-08-25 00:00:00.000,,0,7,0
1292,30,2021-08-25 00:00:00.000,,0,7,0
1293,30,2021-08-25 00:00:00.000,,0,7,0
1294,30,2021-08-25 00:00:00.000,,0,7,0
1295,30,2021-08-25 00:00:00.000,,0,7,0
1296,30,2021-08-25 00:00:00.000,,-1,7,0
1297,30,2021-08-25 00:00:00.000,,0,7,0
1298,30,2021-08-25 00:00:00.000,,0,7,0
1299,30,2021-08-25 00:00:00.000,,-1,1,0
1300,30,2021-08-25 00:00:00.000,,0,7,0
1301,30,2021-08-25 00:00:00.000,,0,7,0
1302,30,2021-08-25 00:00:00.000,,0,7,0
1303,30,2021-08-25 00:00:00.000,,0,7,0
1304,30,2021-08-25 00:00:00.000,,0,7,0
1305,30,2021-08-25 00:00:00.000,,0,7,0
1306,30,2021-08-25 00:00:00.000,,-1,7,0
1307,30,2021-08-25 00:00:00.000,,0,7,0
1308,30,2021-08-25 00:00:00.000,,0,7,0
1309,30,2021-08-25 00:00:00.000,,0,7,0
1310,30,2021-08-25 00:00:00.000,,-1,7,0
1311,30,2021-08-25 00:00:00.000,,0,7,0
1312,30,2021-08-25 00:00:00.000,,0,7,0
1313,30,2021-08-25 00:00:00.000,,0,7,0
1314,27,2021-08-25 00:00:00.000,,-1,7,0
1315,27,2021-08-25 00:00:00.000,,0,7,0
1316,27,2021-08-25 00:00:00.000,,0,7,0
1317,27,2021-08-25 00:00:00.000,,0,7,0
1318,27,2021-08-25 00:00:00.000,,0,7,0
1319,27,2021-08-25 00:00:00.000,,0,7,0
1320,27,2021-08-25 00:00:00.000,,0,7,0
1321,27,2021-08-25 00:00:00.000,,0,7,0
1322,27,2021-08-25 00:00:00.000,,-1,1,0
1323,27,2021-08-25 00:00:00.000,,0,7,0
1324,27,2021-08-25 00:00:00.000,,0,7,0
1325,27,2021-08-25 00:00:00.000,,0,7,0
1326,27,2021-08-25 00:00:00.000,,0,7,0
1327,27,2021-08-25 00:00:00.000,,0,7,0
1328,27,2021-08-25 00:00:00.000,,-1,7,0
1329,27,2021-08-25 00:00:00.000,,-1,7,0
1330,27,2021-08-25 00:00:00.000,,0,7,0
1331,27,2021-08-25 00:00:00.000,,0,7,0
1332,27,2021-08-25 00:00:00.000,,0,7,0
1333,27,2021-08-25 00:00:00.000,,0,7,0
1334,27,2021-08-25 00:00:00.000,,0,7,0
1335,27,2021-08-25 00:00:00.000,,0,7,0
1336,27,2021-08-25 00:00:00.000,,0,7,0
1337,27,2021-08-25 00:00:00.000,,-1,7,0
1338,27,2021-08-25 00:00:00.000,,0,7,0
1339,27,2021-08-25 00:00:00.000,,0,7,0
1340,27,2021-08-25 00:00:00.000,,0,7,0
1341,27,2021-08-25 00:00:00.000,,0,7,0
1342,27,2021-08-25 00:00:00.000,,0,7,0
1343,27,2021-08-25 00:00:00.000,,0,7,0
1344,27,2021-08-25 00:00:00.000,,0,7,0
1345,27,2021-08-25 00:00:00.000,,-1,7,0
1346,27,2021-08-25 00:00:00.000,,0,7,0
1347,27,2021-08-25 00:00:00.000,,0,7,0
1348,27,2021-08-25 00:00:00.000,,0,7,0
1349,27,2021-08-25 00:00:00.000,,0,7,0
1350,27,2021-08-25 00:00:00.000,,-1,7,0
1351,27,2021-08-25 00:00:00.000,,0,7,0
1352,27,2021-08-25 00:00:00.000,,-1,7,0
1353,27,2021-08-25 00:00:00.000,,0,7,0
1354,27,2021-08-25 00:00:00.000,,0,7,0
1355,27,2021-08-25 00:00:00.000,,0,7,0
1356,27,2021-08-25 00:00:00.000,,0,7,0
1357,27,2021-08-25 00:00:00.000,,0,7,0
1358,27,2021-08-25 00:00:00.000,,0,7,0
1359,27,2021-08-25 00:00:00.000,,0,7,0
1360,27,2021-08-25 00:00:00.000,,0,7,0
1361,27,2021-08-25 00:00:00.000,,0,7,0
1362,27,2021-08-25 00:00:00.000,,0,7,0
1363,27,2021-08-25 00:00:00.000,,0,7,0
1364,27,2021-08-25 00:00:00.000,,0,7,0
1365,27,2021-08-25 00:00:00.000,,0,7,0
1366,27,2021-08-25 00:00:00.000,,0,7,0
1367,27,2021-08-25 00:00:00.000,,0,7,0
1368,27,2021-08-25 00:00:00.000,,0,7,0
1369,27,2021-08-25 00:00:00.000,,0,7,0
1370,27,2021-08-25 00:00:00.000,,0,7,0
1371,27,2021-08-25 00:00:00.000,,0,7,0
1372,27,2021-08-25 00:00:00.000,,0,7,0
1373,27,2021-08-25 00:00:00.000,,0,7,0
1374,27,2021-08-25 00:00:00.000,,0,7,0
1375,27,2021-08-25 00:00:00.000,,-1,1,0
1376,27,2021-08-25 00:00:00.000,,0,7,0
1377,27,2021-08-25 00:00:00.000,,0,7,0
1378,27,2021-08-25 00:00:00.000,,0,7,0
1379,27,2021-08-25 00:00:00.000,,0,7,0
1380,27,2021-08-25 00:00:00.000,,0,7,0
1381,27,2021-08-25 00:00:00.000,,0,7,0
1382,27,2021-08-25 00:00:00.000,,0,7,0
1383,27,2021-08-25 00:00:00.000,,0,7,0
1384,27,2021-08-25 00:00:00.000,,0,7,0
1385,27,2021-08-25 00:00:00.000,,0,7,0
1386,27,2021-08-25 00:00:00.000,,0,7,0
1387,27,2021-08-25 00:00:00.000,,0,7,0
1388,27,2021-08-25 00:00:00.000,,0,7,0
1389,27,2021-08-25 00:00:00.000,,0,7,0
1390,27,2021-08-25 00:00:00.000,,-1,7,0
1391,27,2021-08-25 00:00:00.000,,0,7,0
1392,27,2021-08-25 00:00:00.000,,0,7,0
1393,27,2021-08-25 00:00:00.000,,0,7,0
1394,27,2021-08-25 00:00:00.000,,0,7,0
1395,27,2021-08-25 00:00:00.000,,0,7,0
1396,27,2021-08-25 00:00:00.000,,0,7,0
1397,27,2021-08-25 00:00:00.000,,-1,7,0
1398,27,2021-08-25 00:00:00.000,,0,7,0
1399,27,2021-08-25 00:00:00.000,,-1,7,0
1400,27,2021-08-25 00:00:00.000,,0,7,0
1401,27,2021-08-25 00:00:00.000,,0,7,0
1402,27,2021-08-25 00:00:00.000,,0,7,0
1403,27,2021-08-25 00:00:00.000,,0,7,0
1404,14,2021-08-26 00:00:00.000,,-1,1,0
1405,14,2021-08-26 00:00:00.000,,0,1,0
1406,14,2021-08-26 00:00:00.000,,0,1,0
1407,14,2021-08-26 00:00:00.000,,0,1,0
1408,14,2021-08-26 00:00:00.000,,0,1,0
1409,14,2021-08-26 00:00:00.000,,0,1,0
1410,14,2021-08-26 00:00:00.000,,0,1,0
1411,22,2021-08-26 00:00:00.000,,0,1,0
1412,22,2021-08-26 00:00:00.000,,0,1,0
1413,22,2021-08-26 00:00:00.000,,0,1,0
1414,22,2021-08-26 00:00:00.000,,0,1,0
1415,22,2021-08-26 00:00:00.000,,0,1,0
1416,22,2021-08-26 00:00:00.000,,0,1,0
1417,22,2021-08-26 00:00:00.000,,0,1,0
1418,18,2021-08-26 00:00:00.000,,0,1,0
1419,2,2021-08-26 00:00:00.000,,0,7,0
1420,2,2021-08-26 00:00:00.000,,0,7,0
1421,2,2021-08-26 00:00:00.000,,0,7,0
1422,2,2021-08-26 00:00:00.000,,0,7,0
1423,2,2021-08-26 00:00:00.000,,0,7,0
1424,2,2021-08-26 00:00:00.000,,-1,7,0
1425,2,2021-08-26 00:00:00.000,,0,7,0
1426,2,2021-08-26 00:00:00.000,,0,7,0
1427,2,2021-08-26 00:00:00.000,,0,7,0
1428,2,2021-08-26 00:00:00.000,,0,7,0
1429,2,2021-08-26 00:00:00.000,,0,7,0
1430,2,2021-08-26 00:00:00.000,,0,7,0
1431,2,2021-08-26 00:00:00.000,,0,7,0
1432,2,2021-08-26 00:00:00.000,,-1,1,0
1433,2,2021-08-26 00:00:00.000,,0,7,0
1434,2,2021-08-26 00:00:00.000,,0,7,0
1435,2,2021-08-26 00:00:00.000,,0,1,0
1436,2,2021-08-26 00:00:00.000,,0,1,0
1437,2,2021-08-26 00:00:00.000,,-1,1,0
1438,2,2021-08-26 00:00:00.000,,0,1,0
1439,2,2021-08-26 00:00:00.000,,0,7,0
1440,2,2021-08-26 00:00:00.000,,0,7,0
1441,2,2021-08-26 00:00:00.000,,0,7,0
1442,2,2021-08-26 00:00:00.000,,0,7,0
1469,23,2021-08-26 00:00:00.000,,0,7,0
1470,23,2021-08-26 00:00:00.000,,0,7,0
1471,23,2021-08-26 00:00:00.000,,0,7,0
1472,23,2021-08-26 00:00:00.000,,0,7,0
1473,23,2021-08-26 00:00:00.000,,0,7,0
1474,23,2021-08-26 00:00:00.000,,0,7,0
1475,23,2021-08-26 00:00:00.000,,0,7,0
1476,23,2021-08-26 00:00:00.000,,0,7,0
1477,23,2021-08-26 00:00:00.000,,-1,7,0
1478,23,2021-08-26 00:00:00.000,,0,7,0
1479,23,2021-08-26 00:00:00.000,,0,7,0
1480,23,2021-08-26 00:00:00.000,,0,7,0
1481,23,2021-08-26 00:00:00.000,,0,1,0
1482,23,2021-08-26 00:00:00.000,,0,1,0
1483,23,2021-08-26 00:00:00.000,,-1,1,0
1484,19,2021-08-26 00:00:00.000,,0,7,0
1485,16,2021-08-26 00:00:00.000,,0,7,0
1486,16,2021-08-26 00:00:00.000,,0,7,0
1487,16,2021-08-26 00:00:00.000,,0,7,0
1489,16,2021-08-26 00:00:00.000,,0,7,0
1490,16,2021-08-26 00:00:00.000,,-1,7,0
1491,16,2021-08-26 00:00:00.000,,0,7,0
1492,16,2021-08-26 00:00:00.000,,0,7,0
1493,16,2021-08-26 00:00:00.000,,0,7,0
1494,16,2021-08-26 00:00:00.000,,0,7,0
1495,16,2021-08-26 00:00:00.000,,0,7,0
1496,16,2021-08-26 00:00:00.000,,0,7,0
1497,16,2021-08-26 00:00:00.000,,0,7,0
1498,16,2021-08-26 00:00:00.000,,0,7,0
1499,16,2021-08-26 00:00:00.000,,0,7,0
1500,16,2021-08-26 00:00:00.000,,-1,7,0
1501,16,2021-08-26 00:00:00.000,,0,7,0
1502,16,2021-08-26 00:00:00.000,,0,7,0
1503,16,2021-08-26 00:00:00.000,,0,7,0
1504,16,2021-08-26 00:00:00.000,,0,7,0
1505,16,2021-08-26 00:00:00.000,,0,7,0
1506,16,2021-08-26 00:00:00.000,,0,7,0
1507,16,2021-08-26 00:00:00.000,,0,7,0
1508,16,2021-08-26 00:00:00.000,,0,7,0
1509,16,2021-08-26 00:00:00.000,,0,7,0
1510,16,2021-08-26 00:00:00.000,,0,7,0
1511,16,2021-08-26 00:00:00.000,,-1,7,0
1512,16,2021-08-26 00:00:00.000,,0,7,0
1513,31,2021-09-01 00:00:00.000,,0,7,0
1514,31,2021-09-01 00:00:00.000,,0,7,0
1515,31,2021-09-01 00:00:00.000,,0,7,0
1516,31,2021-09-01 00:00:00.000,,-1,7,0
1517,31,2021-09-01 00:00:00.000,,0,7,0
1518,31,2021-09-01 00:00:00.000,,0,7,0
1519,31,2021-09-01 00:00:00.000,,0,7,0
1520,31,2021-09-01 00:00:00.000,,0,7,0
1521,31,2021-09-01 00:00:00.000,,0,7,0
1522,31,2021-09-01 00:00:00.000,,0,7,0
1523,31,2021-09-01 00:00:00.000,,0,7,0
1524,31,2021-09-01 00:00:00.000,,0,7,0
1525,31,2021-09-01 00:00:00.000,,0,7,0
1526,31,2021-09-01 00:00:00.000,,0,7,0
1527,31,2021-09-01 00:00:00.000,,0,7,0
1528,31,2021-09-01 00:00:00.000,,0,7,0
1529,31,2021-09-01 00:00:00.000,,0,7,0
1530,31,2021-09-01 00:00:00.000,,0,7,0
1531,31,2021-09-01 00:00:00.000,,0,7,0
1532,31,2021-09-01 00:00:00.000,,0,7,0
1533,31,2021-09-01 00:00:00.000,,0,7,0
1534,31,2021-09-01 00:00:00.000,,0,7,0
1535,31,2021-09-01 00:00:00.000,,0,7,0
1536,31,2021-09-01 00:00:00.000,,0,7,0
1537,31,2021-09-01 00:00:00.000,,0,7,0
1538,31,2021-09-01 00:00:00.000,,0,7,0
1539,31,2021-09-01 00:00:00.000,,-1,7,0
1540,31,2021-09-01 00:00:00.000,,0,7,0
1541,31,2021-09-01 00:00:00.000,,0,7,0
1542,31,2021-09-01 00:00:00.000,,0,7,0
1543,31,2021-09-01 00:00:00.000,,0,7,0
1544,31,2021-09-01 00:00:00.000,,0,1,0
1545,31,2021-09-01 00:00:00.000,,0,1,0
1546,31,2021-09-01 00:00:00.000,,0,1,0
1547,31,2021-09-01 00:00:00.000,,0,1,0
1548,31,2021-09-01 00:00:00.000,,0,1,0
1549,31,2021-09-01 00:00:00.000,,0,1,0
1550,31,2021-09-01 00:00:00.000,,0,1,0
1551,31,2021-09-01 00:00:00.000,,0,1,0
1552,31,2021-09-01 00:00:00.000,,0,1,0
1553,31,2021-09-01 00:00:00.000,,0,1,0
1554,31,2021-09-01 00:00:00.000,,-1,1,0
1555,31,2021-09-01 00:00:00.000,,0,1,0
1556,31,2021-09-01 00:00:00.000,,0,1,0
1557,31,2021-09-01 00:00:00.000,,0,1,0
1558,31,2021-09-01 00:00:00.000,,-1,1,0
1559,31,2021-09-01 00:00:00.000,,0,1,0
1560,31,2021-09-01 00:00:00.000,,0,1,0
1561,31,2021-09-01 00:00:00.000,,0,1,0
1562,31,2021-09-01 00:00:00.000,,0,1,0
1563,31,2021-09-01 00:00:00.000,,0,1,0
1564,31,2021-09-01 00:00:00.000,,0,1,0
1565,31,2021-09-01 00:00:00.000,,0,1,0
1566,31,2021-09-01 00:00:00.000,,-1,1,0
1567,31,2021-09-01 00:00:00.000,,0,1,0
1568,31,2021-09-01 00:00:00.000,,0,1,0
1569,31,2021-09-01 00:00:00.000,,0,1,0
1570,31,2021-09-01 00:00:00.000,,0,1,0
1571,31,2021-09-01 00:00:00.000,,-1,1,0
1572,31,2021-09-01 00:00:00.000,,0,1,0
1573,31,2021-09-01 00:00:00.000,,0,1,0
1574,31,2021-09-01 00:00:00.000,,0,1,0
1575,31,2021-09-01 00:00:00.000,,0,1,0
1576,31,2021-09-01 00:00:00.000,,0,1,0
1577,31,2021-09-01 00:00:00.000,,0,1,0
1578,31,2021-09-01 00:00:00.000,,0,1,0
1579,31,2021-09-01 00:00:00.000,,0,1,0
1580,31,2021-09-01 00:00:00.000,,0,1,0
1581,31,2021-09-01 00:00:00.000,,0,1,0
1582,31,2021-09-01 00:00:00.000,,0,1,0
1583,31,2021-09-01 00:00:00.000,,0,1,0
1584,31,2021-09-01 00:00:00.000,,0,1,0
1585,31,2021-09-01 00:00:00.000,,0,1,0
1586,31,2021-09-01 00:00:00.000,,0,1,0
1587,31,2021-09-01 00:00:00.000,,0,1,0
1588,31,2021-09-01 00:00:00.000,,0,1,0
1589,31,2021-09-01 00:00:00.000,,0,1,0
1590,31,2021-09-01 00:00:00.000,,0,1,0
1591,31,2021-09-01 00:00:00.000,,0,1,0
1592,31,2021-09-01 00:00:00.000,,0,1,0
1593,31,2021-09-01 00:00:00.000,,0,1,0
1594,31,2021-09-01 00:00:00.000,,0,1,0
1595,31,2021-09-01 00:00:00.000,,0,1,0
1596,31,2021-09-01 00:00:00.000,,0,1,0
1597,31,2021-09-01 00:00:00.000,,0,1,0
1598,31,2021-09-01 00:00:00.000,,0,1,0
1599,31,2021-09-01 00:00:00.000,,0,1,0
1600,31,2021-09-01 00:00:00.000,,0,1,0
1601,31,2021-09-01 00:00:00.000,,0,1,0
1602,31,2021-09-01 00:00:00.000,,0,1,0
1603,31,2021-09-01 00:00:00.000,,0,1,0
1604,31,2021-09-01 00:00:00.000,,0,1,0
1605,31,2021-09-01 00:00:00.000,,0,1,0
1606,31,2021-09-01 00:00:00.000,,0,1,0
1607,31,2021-09-01 00:00:00.000,,0,1,0
1608,31,2021-09-01 00:00:00.000,,0,1,0
1609,31,2021-09-01 00:00:00.000,,0,1,0
1610,31,2021-09-01 00:00:00.000,,0,1,0
1611,31,2021-09-01 00:00:00.000,,0,1,0
1612,31,2021-09-01 00:00:00.000,,-1,1,0
1613,31,2021-09-01 00:00:00.000,,0,1,0
1614,31,2021-09-01 00:00:00.000,,0,1,0
1615,31,2021-09-01 00:00:00.000,,0,1,0
1616,31,2021-09-01 00:00:00.000,,0,1,0
1617,31,2021-09-01 00:00:00.000,,0,1,0
1618,31,2021-09-01 00:00:00.000,,0,1,0
1619,9,2021-09-02 00:00:00.000,,-1,1,0
1620,9,2021-09-02 00:00:00.000,,0,7,0
1621,9,2021-09-02 00:00:00.000,,-1,7,0
1622,9,2021-09-02 00:00:00.000,,-1,1,0
1623,9,2021-09-02 00:00:00.000,,0,7,0
1624,9,2021-09-02 00:00:00.000,,-1,7,0
1625,9,2021-09-02 00:00:00.000,,-1,7,0
1626,9,2021-09-02 00:00:00.000,,0,7,0
1627,9,2021-09-02 00:00:00.000,,-1,7,0
1628,9,2021-09-02 00:00:00.000,,0,7,0
1629,9,2021-09-02 00:00:00.000,,0,7,0
1630,9,2021-09-02 00:00:00.000,,0,7,0
1631,9,2021-09-02 00:00:00.000,,0,7,0
1632,9,2021-09-02 00:00:00.000,,0,7,0
1633,9,2021-09-02 00:00:00.000,,0,7,0
1634,9,2021-09-02 00:00:00.000,,0,7,0
1635,9,2021-09-02 00:00:00.000,,0,7,0
1636,9,2021-09-02 00:00:00.000,,-1,7,0
1637,9,2021-09-02 00:00:00.000,,0,7,0
1638,9,2021-09-02 00:00:00.000,,0,7,0
1639,9,2021-09-02 00:00:00.000,,0,7,0
1640,9,2021-09-02 00:00:00.000,,0,7,0
1641,9,2021-09-02 00:00:00.000,,0,7,0
1642,9,2021-09-02 00:00:00.000,,-1,7,0
1643,9,2021-09-02 00:00:00.000,,-1,7,0
1644,9,2021-09-02 00:00:00.000,,0,7,0
1645,9,2021-09-02 00:00:00.000,,0,7,0
1646,9,2021-09-02 00:00:00.000,,0,7,0
1647,9,2021-09-02 00:00:00.000,,0,7,0
1648,9,2021-09-02 00:00:00.000,,0,7,0
1649,9,2021-09-02 00:00:00.000,,0,7,0
1650,9,2021-09-02 00:00:00.000,,0,7,0
1651,9,2021-09-02 00:00:00.000,,0,7,0
1652,9,2021-09-02 00:00:00.000,,0,7,0
1653,9,2021-09-02 00:00:00.000,,0,7,0
1654,9,2021-09-02 00:00:00.000,,-1,7,0
1655,9,2021-09-02 00:00:00.000,,0,7,0
1656,9,2021-09-02 00:00:00.000,,0,1,0
1657,9,2021-09-02 00:00:00.000,,0,1,0
1658,9,2021-09-02 00:00:00.000,,0,1,0
1659,9,2021-09-02 00:00:00.000,,-1,1,0
1660,9,2021-09-02 00:00:00.000,,0,1,0
1661,9,2021-09-02 00:00:00.000,,0,1,0
1662,9,2021-09-02 00:00:00.000,,0,1,0
1663,9,2021-09-02 00:00:00.000,,0,1,0
1664,9,2021-09-02 00:00:00.000,,0,1,0
1665,9,2021-09-02 00:00:00.000,,0,1,0
1666,9,2021-09-02 00:00:00.000,,0,1,0
1667,9,2021-09-02 00:00:00.000,,0,1,0
1668,9,2021-09-02 00:00:00.000,,0,1,0
1701,4,2022-09-05 00:00:00.000,,0,3,0
1702,4,2022-09-05 00:00:00.000,,0,3,0
1703,4,2022-09-05 00:00:00.000,,0,3,0
1704,4,2022-09-05 00:00:00.000,,0,3,0
1705,17,2022-09-06 00:00:00.000,,0,2,0
1706,17,2022-09-06 00:00:00.000,,0,2,0
1707,17,2022-09-06 00:00:00.000,,0,2,0
1708,17,2022-09-06 00:00:00.000,,0,2,0
1709,17,2022-09-06 00:00:00.000,,0,2,0
1710,17,2022-09-06 00:00:00.000,,0,2,0
1711,17,2022-09-06 00:00:00.000,,0,2,0
1712,17,2022-09-06 00:00:00.000,,0,2,0
1713,17,2022-09-06 00:00:00.000,,0,2,0
1714,17,2022-09-06 00:00:00.000,,0,2,0
1715,17,2022-09-06 00:00:00.000,,0,2,0
1716,17,2022-09-06 00:00:00.000,,0,2,0
1717,17,2022-09-06 00:00:00.000,,0,2,0
1718,17,2022-09-06 00:00:00.000,,0,2,0
1719,17,2022-09-06 00:00:00.000,,0,2,0
1720,17,2022-09-06 00:00:00.000,,0,2,0
1721,17,2022-09-06 00:00:00.000,,0,2,0
1722,17,2022-09-06 00:00:00.000,,0,2,0
1723,17,2022-09-06 00:00:00.000,,0,2,0
1724,17,2022-09-06 00:00:00.000,,0,2,0
1725,17,2022-09-06 00:00:00.000,,0,2,0
1726,17,2022-09-06 00:00:00.000,,0,2,0
1727,17,2022-09-06 00:00:00.000,,0,2,0
1728,17,2022-09-06 00:00:00.000,,-1,2,0
1729,17,2022-09-06 00:00:00.000,,0,2,0
1730,17,2022-09-06 00:00:00.000,,0,2,0
1731,17,2022-09-06 00:00:00.000,,0,2,0
1732,17,2022-09-06 00:00:00.000,,-1,2,0
1733,17,2022-09-06 00:00:00.000,,0,2,0
1734,17,2022-09-06 00:00:00.000,,0,2,0
1735,17,2022-09-06 00:00:00.000,,-1,2,0
1736,17,2022-09-06 00:00:00.000,,-1,2,0
1737,17,2022-09-06 00:00:00.000,,0,2,0
1738,17,2022-09-06 00:00:00.000,,0,2,0
1739,17,2022-09-06 00:00:00.000,,0,2,0
1740,17,2022-09-06 00:00:00.000,,0,2,0
1741,17,2022-09-06 00:00:00.000,,0,2,0
1742,17,2022-09-06 00:00:00.000,,0,2,0
1743,17,2022-09-06 00:00:00.000,,0,2,0
1744,17,2022-09-06 00:00:00.000,,0,2,0
1745,17,2022-09-06 00:00:00.000,,0,2,0
1746,17,2022-09-06 00:00:00.000,,0,2,0
1747,17,2022-09-06 00:00:00.000,,0,2,0
1748,32,2022-10-07 00:00:00.000,,0,1,0
1749,32,2022-10-07 00:00:00.000,,0,1,0
1750,32,2022-10-07 00:00:00.000,,0,1,0
1751,32,2022-10-07 00:00:00.000,,0,1,0
1752,32,2022-10-07 00:00:00.000,,0,1,0
1753,32,2022-10-07 00:00:00.000,,0,1,0
1754,32,2022-10-07 00:00:00.000,,0,1,0
1755,32,2022-10-07 00:00:00.000,,0,1,0
1756,32,2022-10-07 00:00:00.000,,0,1,0
1757,32,2022-10-07 00:00:00.000,,-1,1,0
1758,32,2022-10-07 00:00:00.000,,0,1,0
1759,32,2022-10-07 00:00:00.000,,0,1,0
1760,32,2022-10-07 00:00:00.000,,0,1,0
1761,32,2022-10-07 00:00:00.000,,0,1,0
1762,32,2022-10-07 00:00:00.000,,0,1,0
1763,32,2022-10-07 00:00:00.000,,0,1,0
1764,32,2022-10-07 00:00:00.000,,0,1,0
1765,32,2022-10-07 00:00:00.000,,0,1,0
1766,32,2022-10-07 00:00:00.000,,0,1,0
1767,32,2022-10-07 00:00:00.000,,0,1,0
1779,26,2022-10-12 00:00:00.000,,0,1,0
1780,26,2022-10-12 00:00:00.000,,0,1,0
1781,26,2022-10-12 00:00:00.000,,0,1,0
1791,30,2022-10-12 00:00:00.000,,0,7,0
1792,30,2022-10-12 00:00:00.000,,0,7,0
1793,30,2022-10-12 00:00:00.000,,0,7,0
1794,30,2022-10-12 00:00:00.000,,0,7,0
1795,27,2023-01-24 00:00:00.000,,0,7,0
1796,27,2023-01-24 00:00:00.000,,0,7,0
1797,27,2023-01-24 00:00:00.000,,0,7,0
1798,27,2023-01-24 00:00:00.000,,0,7,0
1799,19,2023-01-24 00:00:00.000,,-1,7,0
1801,9,2023-01-24 00:00:00.000,,0,7,0
1802,9,2023-01-24 00:00:00.000,,0,7,0
1803,9,2023-01-24 00:00:00.000,,-1,7,0
1810,21,2023-01-26 00:00:00.000,,0,7,0
1811,21,2023-01-26 00:00:00.000,,0,7,0
1812,21,2023-01-26 00:00:00.000,,0,7,0
1813,21,2023-01-26 00:00:00.000,,-1,7,0
1814,13,2023-01-26 00:00:00.000,,0,7,0
1815,13,2023-01-26 00:00:00.000,,0,7,0
1816,29,2023-01-26 00:00:00.000,,0,7,0
1817,29,2023-01-26 00:00:00.000,,0,7,0
1818,36,2023-10-19 00:00:00.000,,0,1,0
1819,36,2023-10-19 00:00:00.000,,0,1,0
1820,36,2023-10-19 00:00:00.000,,0,1,0
1821,36,2023-10-19 00:00:00.000,,0,1,0
1822,36,2023-10-19 00:00:00.000,,0,1,0
1823,36,2023-10-19 00:00:00.000,,0,1,0
1824,36,2023-10-19 00:00:00.000,,0,1,0
1825,36,2023-10-19 00:00:00.000,,0,1,0
1826,36,2023-10-19 00:00:00.000,,0,1,0
1827,36,2023-10-19 00:00:00.000,,0,1,0
1828,36,2023-10-19 00:00:00.000,,0,1,0
1829,36,2023-10-19 00:00:00.000,,0,1,0
1830,36,2023-10-19 00:00:00.000,,0,1,0
1831,36,2023-10-19 00:00:00.000,,0,1,0
1832,36,2023-10-19 00:00:00.000,,0,1,0
1833,36,2023-10-19 00:00:00.000,,0,1,0
1834,36,2023-10-19 00:00:00.000,,0,1,0
1835,36,2023-10-19 00:00:00.000,,0,1,0
1836,36,2023-10-19 00:00:00.000,,0,1,0
1837,36,2023-10-19 00:00:00.000,,0,1,0
1838,33,2023-10-19 00:00:00.000,,0,1,0
1839,33,2023-10-19 00:00:00.000,,0,1,0
1840,33,2023-10-19 00:00:00.000,,0,1,0
1841,33,2023-10-19 00:00:00.000,,0,1,0
1842,33,2023-10-19 00:00:00.000,,0,1,0
1843,33,2023-10-19 00:00:00.000,,0,1,0
1844,33,2023-10-19 00:00:00.000,,0,1,0
1845,33,2023-10-19 00:00:00.000,,0,1,0
1846,33,2023-10-19 00:00:00.000,,0,1,0
1847,33,2023-10-19 00:00:00.000,,0,1,0
1848,33,2023-10-19 00:00:00.000,,0,1,0
1849,33,2023-10-19 00:00:00.000,,0,1,0
1850,33,2023-10-19 00:00:00.000,,0,1,0
1851,33,2023-10-19 00:00:00.000,,0,1,0
1852,33,2023-10-19 00:00:00.000,,0,1,0
1853,33,2023-10-19 00:00:00.000,,0,1,0
1854,33,2023-10-19 00:00:00.000,,0,1,0
1855,33,2023-10-19 00:00:00.000,,0,1,0
1856,33,2023-10-19 00:00:00.000,,0,1,0
1857,33,2023-10-19 00:00:00.000,,0,1,0
1858,33,2023-10-19 00:00:00.000,,0,1,0
1859,33,2023-10-19 00:00:00.000,,0,1,0
1860,33,2023-10-19 00:00:00.000,,0,1,0
1861,33,2023-10-19 00:00:00.000,,-1,1,0
1862,33,2023-10-19 00:00:00.000,,0,1,0
1863,33,2023-10-19 00:00:00.000,,0,1,0
1864,33,2023-10-19 00:00:00.000,,0,1,0
1865,33,2023-10-19 00:00:00.000,,0,1,0
1866,33,2023-10-19 00:00:00.000,,0,1,0
1867,33,2023-10-19 00:00:00.000,,0,1,0
1868,33,2023-10-19 00:00:00.000,,0,1,0
1869,33,2023-10-19 00:00:00.000,,0,1,0
1870,33,2023-10-19 00:00:00.000,,0,1,0
1871,33,2023-10-19 00:00:00.000,,0,1,0
1872,33,2023-10-19 00:00:00.000,,0,1,0
1873,33,2023-10-19 00:00:00.000,,0,1,0
1874,33,2023-10-19 00:00:00.000,,0,1,0
1875,33,2023-10-19 00:00:00.000,,0,1,0
1876,33,2023-10-19 00:00:00.000,,0,1,0
1877,33,2023-10-19 00:00:00.000,,0,1,0
1878,33,2023-10-19 00:00:00.000,,0,1,0
1879,33,2023-10-19 00:00:00.000,,0,1,0
1880,33,2023-10-19 00:00:00.000,,-1,1,0
1881,33,2023-10-19 00:00:00.000,,0,1,0
1882,33,2023-10-19 00:00:00.000,,0,1,0
1883,33,2023-10-19 00:00:00.000,,0,1,0
1884,33,2023-10-19 00:00:00.000,,0,1,0
1885,33,2023-10-19 00:00:00.000,,0,1,0
1886,33,2023-10-19 00:00:00.000,,0,1,0
1887,33,2023-10-19 00:00:00.000,,0,1,0
1888,34,2023-10-19 00:00:00.000,,0,1,0
1889,34,2023-10-19 00:00:00.000,,0,1,0
1890,34,2023-10-19 00:00:00.000,,0,1,0
1891,34,2023-10-19 00:00:00.000,,0,1,0
1892,34,2023-10-19 00:00:00.000,,0,1,0
1893,34,2023-10-19 00:00:00.000,,0,1,0
1894,34,2023-10-19 00:00:00.000,,0,1,0
1895,34,2023-10-19 00:00:00.000,,0,1,0
1896,34,2023-10-19 00:00:00.000,,0,1,0
1897,34,2023-10-19 00:00:00.000,,0,1,0
1898,34,2023-10-19 00:00:00.000,,0,1,0
1899,34,2023-10-19 00:00:00.000,,0,1,0
1900,34,2023-10-19 00:00:00.000,,0,1,0
1901,34,2023-10-19 00:00:00.000,,0,1,0
1902,34,2023-10-19 00:00:00.000,,0,1,0
1903,34,2023-10-19 00:00:00.000,,0,1,0
1904,34,2023-10-19 00:00:00.000,,0,1,0
1905,34,2023-10-19 00:00:00.000,,-1,1,0
1906,34,2023-10-19 00:00:00.000,,0,1,0
1907,34,2023-10-19 00:00:00.000,,0,1,0
1908,34,2023-10-19 00:00:00.000,,0,1,0
1909,34,2023-10-19 00:00:00.000,,0,1,0
1910,34,2023-10-19 00:00:00.000,,0,1,0
1911,34,2023-10-19 00:00:00.000,,0,1,0
1912,34,2023-10-19 00:00:00.000,,0,1,0
1913,34,2023-10-19 00:00:00.000,,0,1,0
1914,34,2023-10-19 00:00:00.000,,0,1,0
1915,34,2023-10-19 00:00:00.000,,0,1,0
1916,34,2023-10-19 00:00:00.000,,0,1,0
1917,34,2023-10-19 00:00:00.000,,0,1,0
1918,34,2023-10-19 00:00:00.000,,0,1,0
1919,34,2023-10-19 00:00:00.000,,0,1,0
1920,34,2023-10-19 00:00:00.000,,0,1,0
1921,34,2023-10-19 00:00:00.000,,0,1,0
1922,34,2023-10-19 00:00:00.000,,0,1,0
1923,34,2023-10-19 00:00:00.000,,0,1,0
1924,34,2023-10-19 00:00:00.000,,0,1,0
1925,34,2023-10-19 00:00:00.000,,0,1,0
1926,34,2023-10-19 00:00:00.000,,0,1,0
1927,34,2023-10-19 00:00:00.000,,0,1,0
1928,34,2023-10-19 00:00:00.000,,0,1,0
1929,34,2023-10-19 00:00:00.000,,0,1,0
1930,34,2023-10-19 00:00:00.000,,0,1,0
1931,34,2023-10-19 00:00:00.000,,0,1,0
1932,34,2023-10-19 00:00:00.000,,0,1,0
1933,34,2023-10-19 00:00:00.000,,0,1,0
1934,34,2023-10-19 00:00:00.000,,0,1,0
1935,34,2023-10-19 00:00:00.000,,0,1,0
1936,34,2023-10-19 00:00:00.000,,0,1,0
1937,34,2023-10-19 00:00:00.000,,0,1,0
1938,34,2023-10-19 00:00:00.000,,0,1,0
1939,34,2023-10-19 00:00:00.000,,0,1,0
1940,34,2023-10-19 00:00:00.000,,-1,1,0
1941,34,2023-10-19 00:00:00.000,,0,1,0
1942,34,2023-10-19 00:00:00.000,,0,1,0
1943,34,2023-10-19 00:00:00.000,,0,1,0
1944,34,2023-10-19 00:00:00.000,,0,1,0
1945,34,2023-10-19 00:00:00.000,,0,1,0
1946,34,2023-10-19 00:00:00.000,,0,1,0
1947,34,2023-10-19 00:00:00.000,,0,1,0
1948,34,2023-10-19 00:00:00.000,,0,1,0
1949,34,2023-10-19 00:00:00.000,,-1,1,0
1950,34,2023-10-19 00:00:00.000,,0,1,0
1951,34,2023-10-19 00:00:00.000,,-1,1,0
1952,34,2023-10-19 00:00:00.000,,0,1,0
1953,34,2023-10-19 00:00:00.000,,0,1,0
1954,34,2023-10-19 00:00:00.000,,0,1,0
1955,34,2023-10-19 00:00:00.000,,0,1,0
1956,34,2023-10-19 00:00:00.000,,-1,1,0
1957,34,2023-10-19 00:00:00.000,,0,1,0
2033,4,2024-09-23 00:00:00.000,,0,3,0
2034,4,2024-09-23 00:00:00.000,,0,3,0
2035,37,2024-09-23 00:00:00.000,,0,1,0
2036,37,2024-09-23 00:00:00.000,,0,1,0
2037,37,2024-09-23 00:00:00.000,,0,1,0
2038,37,2024-09-23 00:00:00.000,,0,1,0
2039,37,2024-09-23 00:00:00.000,,0,1,0
2040,37,2024-09-23 00:00:00.000,,0,1,0
2041,37,2024-09-23 00:00:00.000,,0,1,0
2042,37,2024-09-23 00:00:00.000,,0,1,0
2043,37,2024-09-23 00:00:00.000,,0,1,0
2044,37,2024-09-23 00:00:00.000,,0,1,0
2045,37,2024-09-23 00:00:00.000,,0,1,0
2046,37,2024-09-23 00:00:00.000,,0,1,0
2047,37,2024-09-23 00:00:00.000,,0,1,0
2048,37,2024-09-23 00:00:00.000,,0,1,0
2049,37,2024-09-23 00:00:00.000,,0,1,0
2050,37,2024-09-23 00:00:00.000,,0,1,0
2051,37,2024-09-23 00:00:00.000,,0,1,0
2052,37,2024-09-23 00:00:00.000,,0,1,0
2053,37,2024-09-23 00:00:00.000,,0,1,0
2054,37,2024-09-23 00:00:00.000,,0,1,0
2055,37,2024-09-23 00:00:00.000,,0,1,0
2056,37,2024-09-23 00:00:00.000,,0,1,0
2057,37,2024-09-23 00:00:00.000,,0,1,0
2058,37,2024-09-23 00:00:00.000,,0,1,0
2059,37,2024-09-23 00:00:00.000,,0,1,0
2082,6,2024-09-23 00:00:00.000,,0,1,0
2083,6,2024-09-23 00:00:00.000,,0,3,0
2084,6,2024-09-23 00:00:00.000,,0,3,0
2085,6,2024-09-23 00:00:00.000,,0,3,0
2086,23,2024-09-23 00:00:00.000,,-1,3,0
2109,17,2024-09-24 00:00:00.000,,0,1,0
2110,17,2024-09-24 00:00:00.000,,0,1,0
2111,17,2024-09-24 00:00:00.000,,0,1,0
2112,17,2024-09-24 00:00:00.000,,0,1,0
2113,17,2024-09-24 00:00:00.000,,0,1,0
2114,21,2024-09-24 00:00:00.000,,0,7,0
2115,21,2024-09-24 00:00:00.000,,0,7,0
2116,20,2024-09-24 00:00:00.000,,0,7,0
2117,20,2024-09-24 00:00:00.000,,0,7,0
2118,20,2024-09-24 00:00:00.000,,0,7,0
2119,20,2024-09-24 00:00:00.000,,0,7,0
2120,39,2024-09-24 00:00:00.000,,0,1,0
2121,39,2024-09-24 00:00:00.000,,0,1,0
2122,39,2024-09-24 00:00:00.000,,0,1,0
2123,39,2024-09-24 00:00:00.000,,0,1,0
2124,39,2024-09-24 00:00:00.000,,0,1,0
2125,39,2024-09-24 00:00:00.000,,0,1,0
2126,39,2024-09-24 00:00:00.000,,0,1,0
2127,39,2024-09-24 00:00:00.000,,0,1,0
2128,39,2024-09-24 00:00:00.000,,0,1,0
2129,39,2024-09-24 00:00:00.000,,0,1,0
2130,39,2024-09-24 00:00:00.000,,0,1,0
2131,39,2024-09-24 00:00:00.000,,0,1,0
2132,39,2024-09-24 00:00:00.000,,0,1,0
2133,39,2024-09-24 00:00:00.000,,-1,1,0
2134,39,2024-09-24 00:00:00.000,,0,1,0
2135,39,2024-09-24 00:00:00.000,,0,3,0
2136,39,2024-09-24 00:00:00.000,,0,3,0
2137,39,2024-09-24 00:00:00.000,,0,3,0
2138,39,2024-09-24 00:00:00.000,,0,3,0
2139,22,2024-09-26 00:00:00.000,,0,1,0
2140,22,2024-09-26 00:00:00.000,,0,1,0
2141,22,2024-09-26 00:00:00.000,,0,1,0
2142,22,2024-09-26 00:00:00.000,,0,1,0
2143,22,2024-09-26 00:00:00.000,,0,1,0
2144,22,2024-09-26 00:00:00.000,,0,1,0
2145,22,2024-09-26 00:00:00.000,,0,1,0
2146,22,2024-09-26 00:00:00.000,,0,1,0
2147,22,2024-09-26 00:00:00.000,,0,1,0
2148,22,2024-09-26 00:00:00.000,,0,1,0
2149,22,2024-09-26 00:00:00.000,,0,1,0
2150,22,2024-09-26 00:00:00.000,,0,1,0
2151,22,2024-09-26 00:00:00.000,,0,1,0
2152,22,2024-09-26 00:00:00.000,,0,1,0
2153,22,2024-09-26 00:00:00.000,,0,1,0
2154,14,2024-09-26 00:00:00.000,,0,1,0
2155,14,2024-09-26 00:00:00.000,,0,1,0
2156,14,2024-09-26 00:00:00.000,,0,1,0
2157,14,2024-09-26 00:00:00.000,,0,1,0
2158,14,2024-09-26 00:00:00.000,,0,1,0
2159,14,2024-09-26 00:00:00.000,,0,1,0
2160,14,2024-09-26 00:00:00.000,,0,1,0
2161,14,2024-09-26 00:00:00.000,,0,1,0
2162,14,2024-09-26 00:00:00.000,,0,1,0
2163,14,2024-09-26 00:00:00.000,,0,1,0
2164,14,2024-09-26 00:00:00.000,,0,3,0
2165,14,2024-09-26 00:00:00.000,,0,3,0
2166,14,2024-09-26 00:00:00.000,,0,3,0
2167,36,2024-09-27 00:00:00.000,,0,1,0
2168,36,2024-09-27 00:00:00.000,,0,1,0
2169,36,2024-09-27 00:00:00.000,,0,1,0
2170,36,2024-09-27 00:00:00.000,,0,1,0
2171,36,2024-09-27 00:00:00.000,,0,1,0
2172,36,2024-09-27 00:00:00.000,,0,1,0
2173,36,2024-09-27 00:00:00.000,,0,1,0
2174,36,2024-09-27 00:00:00.000,,0,1,0
2175,36,2024-09-27 00:00:00.000,,0,1,0
2176,36,2024-09-27 00:00:00.000,,0,1,0
2177,36,2024-09-27 00:00:00.000,,0,1,0
2178,36,2024-09-27 00:00:00.000,,0,1,0
2179,36,2024-09-27 00:00:00.000,,0,1,0
2180,36,2024-09-27 00:00:00.000,,0,1,0
2181,36,2024-09-27 00:00:00.000,,0,1,0
2182,9,2024-09-30 00:00:00.000,,0,1,0
2183,9,2024-09-30 00:00:00.000,,0,1,0
2184,9,2024-09-30 00:00:00.000,,0,1,0
2185,9,2024-09-30 00:00:00.000,,0,1,0
2186,9,2024-09-30 00:00:00.000,,0,1,0
2187,9,2024-09-30 00:00:00.000,,0,1,0
2188,9,2024-09-30 00:00:00.000,,0,1,0
2189,9,2024-09-30 00:00:00.000,,0,1,0
2190,9,2024-09-30 00:00:00.000,,0,1,0
2191,9,2024-09-30 00:00:00.000,,0,1,0
2192,9,2024-09-30 00:00:00.000,,0,1,0
2193,9,2024-09-30 00:00:00.000,,0,1,0
2194,9,2024-09-30 00:00:00.000,,0,1,0
2195,9,2024-09-30 00:00:00.000,,0,1,0
2196,9,2024-09-30 00:00:00.000,,0,3,0
2197,34,2024-09-30 00:00:00.000,,0,1,0
2198,34,2024-09-30 00:00:00.000,,0,1,0
2199,34,2024-09-30 00:00:00.000,,0,1,0
2200,34,2024-09-30 00:00:00.000,,0,1,0
2201,34,2024-09-30 00:00:00.000,,0,1,0
2202,34,2024-09-30 00:00:00.000,,0,1,0
2203,34,2024-09-30 00:00:00.000,,0,1,0
2204,34,2024-09-30 00:00:00.000,,0,1,0
2205,34,2024-09-30 00:00:00.000,,0,1,0
2206,34,2024-09-30 00:00:00.000,,0,1,0
2207,34,2024-09-30 00:00:00.000,,0,1,0
2208,34,2024-09-30 00:00:00.000,,0,1,0
2209,34,2024-09-30 00:00:00.000,,0,1,0
2210,34,2024-09-30 00:00:00.000,,0,1,0
2211,34,2024-09-30 00:00:00.000,,0,1,0
2212,34,2024-09-30 00:00:00.000,,0,3,0
2213,34,2024-09-30 00:00:00.000,,-1,3,0
2214,13,2024-09-30 00:00:00.000,,0,1,0
2215,13,2024-09-30 00:00:00.000,,0,1,0
2216,13,2024-09-30 00:00:00.000,,0,1,0
2217,13,2024-09-30 00:00:00.000,,0,1,0
2218,13,2024-09-30 00:00:00.000,,0,1,0
2219,13,2024-09-30 00:00:00.000,,0,1,0
2220,13,2024-09-30 00:00:00.000,,0,1,0
2221,13,2024-09-30 00:00:00.000,,0,1,0
2222,13,2024-09-30 00:00:00.000,,0,1,0
2223,13,2024-09-30 00:00:00.000,,0,1,0
2229,12,2024-09-30 00:00:00.000,,0,3,0
2230,12,2024-09-30 00:00:00.000,,0,3,0
2231,40,2024-09-30 00:00:00.000,,0,1,0
2232,40,2024-09-30 00:00:00.000,,0,1,0
2233,40,2024-09-30 00:00:00.000,,0,1,0
2234,40,2024-09-30 00:00:00.000,,0,1,0
2235,40,2024-09-30 00:00:00.000,,0,1,0
2236,40,2024-09-30 00:00:00.000,,0,1,0
2237,40,2024-09-30 00:00:00.000,,0,1,0
2238,40,2024-09-30 00:00:00.000,,0,1,0
2239,40,2024-09-30 00:00:00.000,,0,1,0
2240,40,2024-09-30 00:00:00.000,,0,1,0
2241,16,2024-09-30 00:00:00.000,,0,3,0
2242,27,2024-09-30 00:00:00.000,,0,3,0
2243,30,2024-09-30 00:00:00.000,,0,3,0
2244,30,2024-09-30 00:00:00.000,,0,3,0
2245,28,2024-09-30 00:00:00.000,,0,3,0
2246,28,2024-09-30 00:00:00.000,,0,3,0
2247,28,2024-09-30 00:00:00.000,,0,3,0
2248,41,2024-09-30 00:00:00.000,,0,3,0
2249,41,2024-09-30 00:00:00.000,,0,3,0
2250,41,2024-09-30 00:00:00.000,,0,3,0
2251,41,2024-09-30 00:00:00.000,,0,3,0
2252,41,2024-09-30 00:00:00.000,,0,3,0
2253,41,2024-09-30 00:00:00.000,,0,3,0
2254,41,2024-09-30 00:00:00.000,,0,3,0
2255,41,2024-09-30 00:00:00.000,,0,3,0
2256,41,2024-09-30 00:00:00.000,,0,3,0
2257,41,2024-09-30 00:00:00.000,,0,3,0
2258,41,2024-09-30 00:00:00.000,,0,3,0
2259,41,2024-09-30 00:00:00.000,,0,3,0
2260,41,2024-09-30 00:00:00.000,,0,3,0
2261,41,2024-09-30 00:00:00.000,,0,3,0
2262,41,2024-09-30 00:00:00.000,,0,3,0
2263,41,2024-09-30 00:00:00.000,,0,3,0
2264,9,2024-12-03 00:00:00.000,,0,1,0
2265,6,2024-12-03 00:00:00.000,,0,1,0
2266,6,2024-12-03 00:00:00.000,,0,1,0
2267,6,2024-12-03 00:00:00.000,,0,1,0
2268,6,2024-12-03 00:00:00.000,,0,1,0
2269,6,2024-12-03 00:00:00.000,,0,1,0
2270,6,2024-12-03 00:00:00.000,,0,1,0
2271,6,2024-12-03 00:00:00.000,,0,1,0
2272,6,2024-12-03 00:00:00.000,,0,1,0
2273,6,2024-12-03 00:00:00.000,,0,1,0
2274,6,2024-12-03 00:00:00.000,,0,1,0
2275,6,2024-12-03 00:00:00.000,,0,1,0
2276,6,2024-12-03 00:00:00.000,,0,1,0
2277,6,2024-12-03 00:00:00.000,,0,1,0
2278,6,2024-12-03 00:00:00.000,,0,1,0
2279,6,2024-12-03 00:00:00.000,,0,1,0
2280,6,2024-12-03 00:00:00.000,,0,1,0
2281,6,2024-12-03 00:00:00.000,,0,1,0
2282,6,2024-12-03 00:00:00.000,,0,1,0
2283,6,2024-12-03 00:00:00.000,,0,1,0
2284,42,2025-08-29 00:00:00.000,,0,1,0
2285,42,2025-08-29 00:00:00.000,,0,1,0
2286,42,2025-08-29 00:00:00.000,,0,1,0
2287,42,2025-08-29 00:00:00.000,,0,1,0
2288,42,2025-08-29 00:00:00.000,,0,1,0
2289,42,2025-08-29 00:00:00.000,,0,1,0
2290,42,2025-08-29 00:00:00.000,,0,1,0
2291,42,2025-08-29 00:00:00.000,,0,1,0
2292,42,2025-08-29 00:00:00.000,,0,1,0
2293,42,2025-08-29 00:00:00.000,,0,1,0
2294,42,2025-08-29 00:00:00.000,,0,1,0
2295,42,2025-08-29 00:00:00.000,,0,1,0
2296,42,2025-08-29 00:00:00.000,,0,1,0
2297,42,2025-08-29 00:00:00.000,,0,1,0
2298,42,2025-08-29 00:00:00.000,,0,1,0
2299,42,2025-08-29 00:00:00.000,,0,1,0
2300,42,2025-08-29 00:00:00.000,,0,1,0
2301,42,2025-08-29 00:00:00.000,,0,1,0
2302,42,2025-08-29 00:00:00.000,,0,1,0
2303,42,2025-08-29 00:00:00.000,,0,1,0
2304,42,2025-08-29 00:00:00.000,,0,1,0
2305,42,2025-08-29 00:00:00.000,,0,1,0
2306,42,2025-08-29 00:00:00.000,,0,1,0
2307,42,2025-08-29 00:00:00.000,,0,1,0
2308,42,2025-08-29 00:00:00.000,,0,1,0
2309,42,2025-08-29 00:00:00.000,,0,1,0
2310,42,2025-08-29 00:00:00.000,,0,1,0
2311,42,2025-08-29 00:00:00.000,,0,1,0
2312,42,2025-08-29 00:00:00.000,,0,1,0
2313,42,2025-08-29 00:00:00.000,,0,1,0
2314,42,2025-08-29 00:00:00.000,,0,1,0
2315,42,2025-08-29 00:00:00.000,,0,1,0
2316,42,2025-08-29 00:00:00.000,,0,1,0
2317,42,2025-08-29 00:00:00.000,,0,1,0
2318,42,2025-08-29 00:00:00.000,,0,1,0
2319,42,2025-08-29 00:00:00.000,,0,1,0
2320,42,2025-08-29 00:00:00.000,,0,1,0
2321,42,2025-08-29 00:00:00.000,,0,1,0
2322,42,2025-08-29 00:00:00.000,,0,1,0
2323,42,2025-08-29 00:00:00.000,,0,1,0
2324,42,2025-08-29 00:00:00.000,,0,1,0
2325,42,2025-08-29 00:00:00.000,,0,1,0
2326,42,2025-08-29 00:00:00.000,,0,1,0
2327,42,2025-08-29 00:00:00.000,,0,1,0
2328,42,2025-08-29 00:00:00.000,,0,1,0
2329,42,2025-08-29 00:00:00.000,,0,1,0
2330,42,2025-08-29 00:00:00.000,,0,1,0
2331,42,2025-08-29 00:00:00.000,,0,1,0
2332,42,2025-08-29 00:00:00.000,,0,1,0
2333,42,2025-08-29 00:00:00.000,,0,1,0
2334,42,2025-08-29 00:00:00.000,,0,1,0
2335,42,2025-08-29 00:00:00.000,,0,1,0
2336,42,2025-08-29 00:00:00.000,,0,1,0
2337,42,2025-08-29 00:00:00.000,,0,1,0
2338,42,2025-08-29 00:00:00.000,,0,1,0
2339,42,2025-08-29 00:00:00.000,,0,1,0
2340,42,2025-08-29 00:00:00.000,,0,1,0
2341,42,2025-08-29 00:00:00.000,,0,1,0
2342,42,2025-08-29 00:00:00.000,,0,1,0
2343,42,2025-08-29 00:00:00.000,,0,1,0
2344,42,2025-08-29 00:00:00.000,,0,1,0
2345,42,2025-08-29 00:00:00.000,,0,1,0
2346,42,2025-08-29 00:00:00.000,,0,1,0
2347,42,2025-08-29 00:00:00.000,,0,1,0
2348,42,2025-08-29 00:00:00.000,,0,1,0
2349,42,2025-08-29 00:00:00.000,,0,1,0
2350,42,2025-08-29 00:00:00.000,,0,1,0
2351,42,2025-08-29 00:00:00.000,,0,1,0
2352,42,2025-08-29 00:00:00.000,,0,1,0
2353,42,2025-08-29 00:00:00.000,,0,1,0
2354,42,2025-08-29 00:00:00.000,,0,1,0
2355,42,2025-08-29 00:00:00.000,,0,1,0
2356,42,2025-08-29 00:00:00.000,,0,1,0
2357,42,2025-08-29 00:00:00.000,,0,1,0
2358,42,2025-08-29 00:00:00.000,,0,1,0
2435,44,2025-08-29 00:00:00.000,,0,1,0
2436,44,2025-08-29 00:00:00.000,,0,1,0
2437,44,2025-08-29 00:00:00.000,,0,1,0
2438,44,2025-08-29 00:00:00.000,,0,1,0
2439,44,2025-08-29 00:00:00.000,,0,1,0
2440,44,2025-08-29 00:00:00.000,,0,1,0
2441,44,2025-08-29 00:00:00.000,,0,1,0
2442,44,2025-08-29 00:00:00.000,,0,1,0
2443,44,2025-08-29 00:00:00.000,,0,1,0
2444,44,2025-08-29 00:00:00.000,,0,1,0
2445,44,2025-08-29 00:00:00.000,,0,1,0
2446,44,2025-08-29 00:00:00.000,,0,1,0
2447,44,2025-08-29 00:00:00.000,,0,1,0
2448,44,2025-08-29 00:00:00.000,,0,1,0
2449,44,2025-08-29 00:00:00.000,,0,1,0
2450,44,2025-08-29 00:00:00.000,,0,1,0
2451,44,2025-08-29 00:00:00.000,,0,1,0
2452,44,2025-08-29 00:00:00.000,,0,1,0
2453,44,2025-08-29 00:00:00.000,,0,1,0
2454,44,2025-08-29 00:00:00.000,,0,1,0
2455,44,2025-08-29 00:00:00.000,,0,1,0
2456,44,2025-08-29 00:00:00.000,,0,1,0
2457,44,2025-08-29 00:00:00.000,,0,1,0
2458,44,2025-08-29 00:00:00.000,,0,1,0
2459,44,2025-08-29 00:00:00.000,,0,1,0
2460,44,2025-08-29 00:00:00.000,,0,1,0
2461,44,2025-08-29 00:00:00.000,,0,1,0
2462,44,2025-08-29 00:00:00.000,,0,1,0
2463,44,2025-08-29 00:00:00.000,,0,1,0
2464,44,2025-08-29 00:00:00.000,,0,1,0
2465,44,2025-08-29 00:00:00.000,,0,1,0
2466,44,2025-08-29 00:00:00.000,,0,1,0
2467,44,2025-08-29 00:00:00.000,,0,1,0
2468,44,2025-08-29 00:00:00.000,,0,1,0
2469,44,2025-08-29 00:00:00.000,,0,1,0
2470,44,2025-08-29 00:00:00.000,,0,1,0
2471,44,2025-08-29 00:00:00.000,,0,1,0
2472,44,2025-08-29 00:00:00.000,,0,1,0
2473,44,2025-08-29 00:00:00.000,,0,1,0
2474,44,2025-08-29 00:00:00.000,,0,1,0
2475,44,2025-08-29 00:00:00.000,,0,1,0
2476,44,2025-08-29 00:00:00.000,,0,1,0
2477,44,2025-08-29 00:00:00.000,,0,1,0
2478,44,2025-08-29 00:00:00.000,,0,1,0
2479,44,2025-08-29 00:00:00.000,,0,1,0
2480,44,2025-08-29 00:00:00.000,,0,1,0
2481,44,2025-08-29 00:00:00.000,,0,1,0
2482,44,2025-08-29 00:00:00.000,,0,1,0
2483,44,2025-08-29 00:00:00.000,,0,1,0
2484,44,2025-08-29 00:00:00.000,,0,1,0
2485,44,2025-08-29 00:00:00.000,,0,1,0
2486,44,2025-08-29 00:00:00.000,,0,1,0
2487,44,2025-08-29 00:00:00.000,,0,1,0
2488,44,2025-08-29 00:00:00.000,,0,1,0
2489,44,2025-08-29 00:00:00.000,,0,1,0
2490,44,2025-08-29 00:00:00.000,,0,1,0
2491,44,2025-08-29 00:00:00.000,,0,1,0
2492,44,2025-08-29 00:00:00.000,,0,1,0
2493,44,2025-08-29 00:00:00.000,,0,1,0
2494,44,2025-08-29 00:00:00.000,,0,1,0
2495,44,2025-08-29 00:00:00.000,,0,1,0
2496,44,2025-08-29 00:00:00.000,,0,1,0
2497,44,2025-08-29 00:00:00.000,,0,1,0
2498,44,2025-08-29 00:00:00.000,,0,1,0
2499,44,2025-08-29 00:00:00.000,,0,1,0
2500,44,2025-08-29 00:00:00.000,,0,1,0
2501,44,2025-08-29 00:00:00.000,,0,1,0
2502,44,2025-08-29 00:00:00.000,,0,1,0
2503,44,2025-08-29 00:00:00.000,,0,1,0
2504,44,2025-08-29 00:00:00.000,,0,1,0
2505,44,2025-08-29 00:00:00.000,,0,1,0
2506,44,2025-08-29 00:00:00.000,,0,1,0
2507,44,2025-08-29 00:00:00.000,,0,1,0
2508,44,2025-08-29 00:00:00.000,,0,1,0
2509,44,2025-08-29 00:00:00.000,,0,1,0
